score;app;review;label
5;Maxim;semoga kedepannya talangan g susah dapatnya karna saya jualan pake jasa maxim yg perlu talangan lama banget kalau cari driver yg mau talangan;1
3;Grab;tolong buat pusat grab perbaiki lagi jangan dikit di tangguhkan dan buat para driver jngn gampang melaporkan krna laporan km menghilangkan rezeki driver lainnya;1
1;Gojek;woi gojek kalo mau bikin verifikasi minimal bisa depan belakang lah kamera ini depan doang apa si dulu ga pake verifikasi muka sekarang jadi pake mau bikin protect drivernya masih bisa jual beli account kocak lu gojek;1
1;Maxim;aplikasi ini sangat baiktapi yang bikin jelek itu drive yang cara bicaranya tidak sopan dan tidak pantas untuk di dengaringin rasanya berhenti gunakan apalikasi initapi tidak semua driver yang gituini untuk beberapa driver saja;1
3;Maxim;maxsim bagus tapi sayang nya nga ada fitur telpon buat driver sama buat poto klo di gojek ada tolong buat amit maxsim biar ada telpon donk;0
1;Grab;di semua daerah malang gak ada titik lokasinya jadi bingung mau ngeklik terus driver daerah malang gak profesional aku diturunin di jauh titik lokasi;0
4;Gojek;adanya gojek sangat membantu kami dalam bepergiandengan menggunakan aplikasi gojek sangat memudahkan kami dalam melakukan pemesanansehingga memperlancar dan mempersingkat waktu tunggu kami;1
1;Maxim;suka dapat driver yang ga ramah ngomong nya kasar memang ga semua tapi sering;1
2;Gojek;makin mahal ongkosnya tapi katanya bayar buat abang ojolnya ga naik potongan ongkos dari pihak gojek nya gede pantesan pada lari ke indriver;1
5;Maxim;keren sih cuma sayang drivernya kurang banyak disaat yang lain kyak gojk dan grb ga mau nerima ini mau nerima pokoknya recommend lah;1
5;Maxim;recommended bintang 5 drivernya oke oke jempol 5 top markotop untuk pihak jasa aplikasi sarannya update fitur terkini supaya tidak ketinggalan dengan aplikasi sebelah good job maxim sukses teruss;1
5;Gojek;kenapa yaaa ko sering dapet nya yg jauh jauh terus jmpt nyatolong dong kasian driver nya jmpt ny jauh;1
1;Gojek;2 kali pesen nunggu 2 jam lebih gak dapet driver pas mau di batalin malah di tolak sama gojeknya maksud nyaa apaahh yaaaa keburu tengah malem nungguin nyaaaa;0
1;Grab;seperti hilang tanggung jawab aplikasi tidak menyediakan admin secara langsung untuk menanggapi keluhan pelanggan di pusat bantuan nya semua pesan itu robot yang tidak berguna admin nya tidak ada seolah tidak mau tanggung jawab dengan apa yang terjadi;1
5;Gojek;akun saya tibatiba tidak bisa login ya allah padahal pencarian rezeki saya hanya digojek ini udah berjuang membangun nama gojek ini sampai sukses;0
1;Gojek;mau ganti email doang berapa kali dicoba ga bisa2 gada solusi dan lain lain gojek kontoll;1
5;Gojek;aplikasi sangat membantu dan mudah di gunakan dan ya aku pernah go ride cuma bayar 4k tau;1
1;Maxim;maxin sangat ribet menentukan lokasi tidak seperti gojek atau grab sangat kecewa mohon di evaluasi kembali apk maxim;1
5;Grab;sebagai seorang pengemudi faktor keselamatan adalah yg paling utama diperhatikan selanjutnya adalah kebersihan n kerapian kendaraan maupun driver nya;1
1;Gojek;pelayanan gocar makin buruk pesen gocar banyak drivernya gak respon kadang malah mnjauh dr lokasi tp gk mau cancel tolong aplikasi gojek aware sm driver2 kyk gini sangat mengecewakan;1
5;Maxim;trmksh bnyak driver sangat ramah dan baiktrmksh sdh membantu mngendong ank smp k rmh ank kondisi sakit trmksh sllu nerbuat baik ya omm;1
5;Gojek;apknya bagus cuman ini ada saran dari saya tolong adain fitur ganti ratingbintang saya pernah salah kasih rating karena hp error padahal mau kasih bintang 5 kasian drivernya;1
5;Maxim;anugerah dewantoro trima kasih banyak ya mas sangat membantu banget tahu banget rutenya pelayanan ramah good job mugi gusti tansyah maringi rejeki lancar ksehatan juga keselamatan aamiin;1
5;Grab;saya baru kali coba transport garap saya ndak tau apakah semua driver garap doktrinnya seperti yg saya alami ramah baik nyaman pokoknya markotop lah;1
3;Gojek;halo gojek aplikasi saya tidak bisa dibuka saya sudah menggunakan versi yang terbaru setiap masuk aplikasi selalu keluar tolong bantuannya;0
4;Gojek;saya memberi bintang 4 karena maps di gojek masih suka tidak bergerak saat driver gojek nya sudah sampai ke tujuan;0
1;Gojek;sumpah gojek ama drivernya jahat banget sama gue udah dapet bilang otw kena cancel mulu mana susah banget dapetnya yaallah;1
1;Gojek;gojek kalo abis ujan susah nyari driver 510 giliran dpat jarak drivernya jauh banget padahal yg deket banyak tapi malah ga dapat aneh ini apk;1
4;Gojek;dengan adanya gojeksaya khususnyasangat terbantu kalau lg malas keluar rmhsmg pelayanannya trus ditingkatkandari baik menjadi lbh baik lgmaksh gojek;1
1;Gojek;hari ini dapet driver g d respon nungguin lama g ada d jemput hampir sejam nungguin mulai hari ini uninstall aplikasi habis ini ada notifikasi balasan mohon maaf tapi tidak ada perubahan lihat komentar d bawah di tanggal tanggal sebelumnya sangat buruk;1
1;Maxim;aplikasi gojek apa yg selalu lama dalam jemput customer bilangnya 1 menit tp bisa datang 5 menit kemudian ga jelsss ga usah pakai apk ini;1
5;Grab;ttp sy ksh tp saran klo hujan jgn susah ya krna hujan grabcar itu sangat di butuhkan;1
1;Gojek;verifikasi muka bukannya mempermudah malah mempersulit muka sudah pas malah tak terdeteksi makin gajelas gojek bikin gregetan aja;1
1;Gojek;di maps sering tidak bergerakdriver nya muter2pesan gocar prioritas tapi menunggu bisa 30 menit padahal jalanan lancar;0
1;Gojek;makin lama makin ga ada beres nya ini aplk gojek mesan gocar selalu di cancel pengemudi dan selalu susah buat dapati pengemudi tolong diperbaiki lagi la;1
5;Maxim;driver nya ramah baik saya pelanggan yang punya trauma jatuh dan drivernya mau nurutin untuk pelan pelan saja driver sangat terpercaya terima kasih pak driver sehat sehat terus ya pak;1
1;Maxim;banyak kendaraan roda duanya sudah tidak layak pakai kenapa harus diberikan jadi driver maxim pelayanan dan kenyamanan harus diutamakan;1
1;Maxim;tolong drivernya cari yang benar baik saya 2 kali dapat driver yang kurang ajar padahal saya udah percaya pake maxim;1
1;Grab;grab ga jelas makin hari makin naik grab hematnya lama kalo naik terus gini gamau lg pake grabdan driver suka ga jalan udh di tungguin lama;1
5;Grab;sangat membantu untuk perjalanan kami memudahkan untuk mencapai tempat yang dituju sehingga mempermudah mendapatkan sesuatu yang diinginkan;1
5;Maxim;aplikasi nya selalu tidak akurag mrncari titik penjemputan dan tujuan harus nya pake gps yg bagus dong perbaiki gps nya biar banyak pengguna nya;1
1;Gojek;aplikasi gak jelas susah cari gocar cancel seenaknya padahal sudah nunggu lama tolong pelayanan diperbaiki g ada kompensasi lagi;1
1;Gojek;cari gocar lama bgt mau tf ke bank lain jg lama bgt loading nya ga muncul2;1
1;Grab;makin kesini makin g jelas banyak iklan nya org nunggu driver tiba2 d alihkan ke halaman iklan;0
1;Gojek;lagi eror apa gimana ya belakangan dapat driver jauh terus padalah sudah prioritas udah gitu pihak driver suka ngecancel tiba tiba;1
3;Gojek;download nya lama sekalidiskon cuma awal pakaitapi enak gojek nya selalu dpet yang ramah dan baik 9510 ini aplikasi;1
5;Gojek;gojekkk topp bangett mksih bangett buat orang yang udah bikin apk inii inii ngebantu bangett buat sayaa banyakk ceritaa dan pengalaman seruu di gojek nggak sabar nunggu cerita di tahun 2025 nantii bareng gojekk itu capslock bukan marah yaa jek;1
1;Gojek;perbarui lagi ya apk nya ta3k banget sama driver suka cancel suspend aja yg suka cancel atau mau saya kerjain para driver pesenpas sampe saya cancel;1
1;Gojek;mohon di pertimbangkan lagi untuk merekrut driver gojeknya ya karena kebanyakan gojek sekarang tidak memiliki attitude yang baik alias kasaryang non costumer pun banyak yang mengeluh mohon di selisihkan lagi para driver yang tidak memiliki attitude yang baik terimakasih;1
5;Grab;grab promonya mantep diskon 15rb jd kita bisa ngelebihin 15rb nya ke driver yg anter pesenan kita dehh mantulll pokonyaaa;1
4;Grab;bisa tidak ya mulai menormalisasikan untuk tidak merokok di dalam kendaraan bau asap rokok itu susah hilangapalgi penumpang grabcar juga ada anak anakbumilorang tuabaik dalam kondisi sehat ataupun sakit please untuk para pengemudi dan konsumenhargai paru paru anda keluarga andadan penumpqng anda;1
3;Gojek;tolong diperbaiki maps nya sekarang sering tdk sesuai titik lokasi jauh pula akibatnya sering debat ama driver;1
5;Maxim;pengemudi khofifatus sholihah dengan motorcycle warna putih nopol s3878or selamat menikmati perjalanan anda rating 400 pengemudi khofifatus sholihah dengan motorcycle warna putih nopol s3878or selamat menikmati perjalanan anda rating 400;0
1;Gojek;driver pada jauh jadi lama tolong perbaiki lagi sistemnya jarak driver sama cs tidak lebih dari 2km jadi tidak nunggu lama;0
1;Gojek;yg dekat banyak knp yg jauh app lama kq kalah sama app yg baru lagi buru malah suruh nggu driver yg jauh lama pula makin sering di gunakan makin gk jelas ni app kebanyakan makan uang driver;1
1;Maxim;ga bagus banget tiap mencari driver lama sekali seperti sengaja apa karna biaya nya terlalu murah jadi driver tidak mau mengangkut mohon ditindak lanjut padahal posisi driver pada dekat semua;1
3;Gojek;plis bgt kalo ngarahin map yg bener2 aja lewat jalan umum aja gausah ngide nyari jalan paling cepet malah jadi lama ga semua driver paham kasian;1
1;Maxim;untuk di bandara ada tambahan biaya admin parkir yg kalau ditotal jadi lebih mahal dari gocar grabcar;1
1;Maxim;harga yang argo di penumpang sama si sopir beda drivernya pada tanya lewat jalan yang mana kalo pendatang gk tau jalan gimana;0
1;Gojek;pekerja gojek ini pada bertingkah gk mau klo yg dekat cari uang sepuluh 20 ajh bertingkah banget;1
4;Maxim;bintang 4 dulu karena masih ada beberapa hal yang harus ditingkatkan lagi maupun itu dari aplikasinya ataupun dari drivernya;1
1;Grab;potongan yg sangat besar di beban kan ke pihak konsumen driver dapat sedikit aplikasi perbudakan founder malaysia emang negara musuh indonesia;1
5;Gojek;selamat hidup aku pakai transportasi online bisa dihitung dgn jari kanan saja tp pengalaman yg saya dapat bagus semu driver sopan baik berusaha ngobrol dg akrab;1
1;Gojek;layanan go investasi tidak bisa di akses padahal sudah di upgrade grde makin gak jelas gojek nya bukan lagi sebagai problem solver sekarang tapi menjadi problem maker;1
5;Maxim;mantap supir nya pun rama dan baik mobil nya pun bersih dan wagi wak pokok nnya josss x;1
1;Maxim;beberapa driver nya kurang ajar baru saja kejadian baru nunggu 2 menit sudah ngamuk kayak udah nunggu bertahun;1
4;Gojek;tolong dong klo hujan d perbaiki posisi driver nya jauh2 semua padahal banyak yg dekat klo d liat di maps;1
5;Gojek;aplikasi yang bagus pernah ngalamin salah tf 110rb ke driver gojek tp csnya mau bantu sampai dana kembali ke saya potongan gocar nya juga banyak aplikasi yang sangat membantu recommended lahh;0
3;Gojek;saya gatau kenapa ya kalo setiap pesan gojek selalu di cancel dari drivernya udah ada ke 10x padhl lagi buru2 developernya bagaimana apk kok jadi gini pdhl dulu fine fine saja;0
3;Grab;tolong peta utk konsumen di perbaiki lagi sering nyangkut peta nya jd gk ketahuan udah sampe mana driver jemput nganter mknan nya;0
1;Maxim;tolong di perbaiki lagi masalah pejemputan drivernya dapat di jauh2 sedangkan yg saya liat ada yg driver posisinya dekat dengan saya;1
2;Gojek;setiap pesan gocar mau hemattidak jam malam gk ada yg nerima padahal ada banyak sekitaran daerah saya di stasiun prambanan heran;1
1;Maxim;drivernya bad attitude minta harga lebih dr aplikasinya dengan alasan sudah tidak ada promo padahal di aplikasi tercantum harga yang berbeda dengan yang di minta driver;1
1;Gojek;banayk iklan gk jelas padahal lagi main geme seru seru nya keluar secara tiba tiba karna iklan ini tolong iklan jangan ganggu;1
1;Gojek;tidak dapat gojek susah area surabaya utara aplikasi sampah nunggu 1jam gak dapat2 limit di blokir aplikasi sampah;0
1;Gojek;saya peke gocar hemat dari jam set 2 sampe jm set 5 gaada satu pun driver yang mau ambil padahal nominal pembayarannya semakin naik melebihi gocar biasa sangat tidak menyenangkan;0
1;Gojek;woi gojekkira2 klu bikin tarif nga mikir apa jemput 34kmongkos nya kadang 1520ribungalah2 in angkotini ngalahin rentenir lagi potongan nya buat pemerintah di tutup aja ini apk penghisap darah orang ongkos murah kena potongan lagi;1
3;Gojek;sekarang tarifnya mahal dulu trip yg biasanya 11rb13rb skrg jadi 20rblama2 ku log out juga nih gojek;1
5;Grab;senang aja dgn aplikasi dan promonya hanya sj knp skrg jd dpt abg grabnya jauh trs jd butuh waktu nunggu jd lamaaaaa mau cancel kasihan abg grabnya tlg ksh driver yg dekat aja ya;1
1;Gojek;gojek sekarang udah gak kayak dulu sekarang jadi mirip aplikasi scam banyak promo tapi setelah daftarin goplus promo nya malah ilang semua voucher sengaja dibikin gak ada tanggal berlaku biar sewaktu bisa dihapus berasa ditipu aplikasi sampah;0
1;Gojek;saya nunggu 2 jam masih ga dapet driver plis jika memang tidak bisa dapat driver dibatalkan saja jgn php;0
1;Gojek;sinyalnya buruk pakai kartu perdana apapun kalau chatingan pasti pending pending mulu heran aku sama gojek;1
1;Gojek;bajing terlalu lama nunggu nya gojek sialan kalau gak bisa ya minimal bisa di batalin tolol lama2 nunggu baru di bilang dk bisa dk ada driver ngapa tidak awal2;1
1;Gojek;parah kalo sudah hujan harganya tidak stabil sehingga drivernya jadi ga mau mengangkut penumpang karena berharap harga naik dan terus naik ga jelas manajemen nya ini;1
5;Gojek;layanan goride sangat membantu untuk aktifitas sehari di saat motor sedang perbaikan di bengkel masukan nya mgkin cuman kalo cuaca sedang hujan dlm situasi urgent butuh transport masih sering lama dpt driver nya;1
1;Grab;pelayanannya tidak ramah baru pertama kali pakai grab dan kesan drivernya sangat buruk gabakal mau pakai grab lagi;1
2;Grab;aplikasi diupdate malah makin jelk dam kadang saya suka dapat driver yang jauh yang membuat saya lama menunggu;1
1;Grab;drivernya ga jelas sudah nunggu lama malah dicancle lebih diperbaiki drivernya kalau tidak mumpuni tolong dipecat saja;1
5;Maxim;pak sopir ramah dan sopan mengerti dengan penumpang ditempat titik jemput daerah pelabuhan terima kasih pak sopir yang baik hati tuhan memberkati;1
1;Grab;saya tidak bisa request refund dana saya secara mandiri tolong aplikasi grab dipermudah cara request refund dana;0
5;Maxim;baru tau sy klo maxim semurah ini klo sy mau pake maxim trus trimakasih untuk driver nya abang nya baik bgtnganter ke tempat tujuan dgn selamat;1
1;Gojek;kasian driver nya pendapatan nya kecil buat 1kali trip nya tapi ongkos dari aplikasi nya mahal ditambah maps nya kadang eror ya yang paling penting ongkos yng keterima driver beda jauh sama ongkos dari apk gojek nya;1
2;Gojek;cuaca bagus jam sibuk kagak cari driver udah kaya cari emas lamanya udah kayak hewan hibernasi;1
1;Grab;kacau banget kecewa saya hanya ingin beri tahu untuk semua driver mobil jangan apa apa lewat tol padahal lewat jalur biasa aja bisa niat mau hemat malah boros karena harus bayar tol;1
2;Gojek;klo kata parah banget sih lu tarif murah2 bngt kasian driver lah mikir apa cuy kasihan deiver masa tarif motor goceng berkilo2 mobil 14rb berkilo2 gk mikir apa mereka butuh bensin dan lain2 klo bangkrut kan lu juga yg susah parah bener lu pada;1
2;Gojek;buruk sekali sekarang driver gocar yahbanyak alasan buat cancel penumpang dikala hujan semua nunggu ambil pas tarif mahalburuk banget sekarang gojek;1
1;Gojek;tolong bilangin ke driver mu itu kalau nyetir sepeda itu yang cepet dong padahal jalannya sepi masih aja dilambatin nyetirnya cokk anj bangkrut aja luhh punya nya makarim bedes;1
1;Maxim;percuma udah ada e walletnya tp driver masih maunya tunai klo bikin aplikasi jangan nanggung donggg;1
5;Gojek;gojek nyaaa baguss super duper jedar jedorr bintang 5 etmin jgaa asikk nya minta ampunn dahhh angkat tangan kalo ini mahhh yuk egee buruan download gojek jan pake lamaaa sinii gwa tunjukkin pelayanan terbagus;1
1;Gojek;ga jelas wifi kencang gk ada gangguan utk main game pun lancar giliran aplikasi ini blgnya internet mati terus internet gk stabil lah;0
5;Maxim;driver terbaik bintang nya kalo ada 10 tak kasih nya 11 pelayanan sangat luar biasa baik nya;1
1;Gojek;sekarang susah banget dapet driver mereka terlalu pilih pilih males pdhl saya selalu kasih tips udah bertahun tahun pake skrg kesel banget drivernya kalo gamau pick up yaudah langsung cancel aja jngn dibiarin kita nunggu lama lama gak gerak gerak gak mau konfirmasi juga;1
5;Gojek;sejauh ini cukup membantu sekali banyak promonya good lah pernah sekali dimaki2 driver karena menunggu hehehe gpp manusiawi kalo marah2 tp saya tetap pakai gojek kog aman;1
5;Maxim;aman nyaman dan ramah di kantong khususnya kalangan pelajar apalagi kalau drivernya ramah dan wangi itu lebih baik sukses selalu jasa maxim luar biasa;1
1;Gojek;gabisa login terus malah di suruh nggu 30 jam pdhl skrg udh laper banget pgn cb pesen makan di gojek waras;0
1;Gojek;udah 3 kali pesan masih aja gc dapet driver udah 2 jam nunggu tiga kali juga batal;0
1;Gojek;dear developer gojek kalau nulis deskripsi pada update aplikasi yang bener kaga usah lu bolak balik gitu kalimatnya kalau ga bisa nulis sini ya udah ga usah ditulis lol;1
5;Gojek;tolong kalau hari libur maps buat drivernya di update soalnya di ui kalau hari libur semua gerbang tutup cuma bisa lewat dekat tugu buku kasian driver nya mutar jauh banget;1
1;Gojek;setiap saya pesan setelah driver datang pasti saya tawarkan di luar aplikasi offline dan saya yg cancel kebanyakan driver setuju perusahaan ini sudah terlalu serakah dan tidak ada empatinya dgn mitra;1
1;Grab;aplikasi sampah wajar aja banyak ditinggalin driver dan pelanggan pindah kesebelah3x download gagal trus ngures kuota doang;1
3;Maxim;dapat driver engkong2 walaupun gemetar naeknya paling tidak maxim sudah mau memberi pekerjaan tidak memandang usiabuat engkong driversehat terus;1
1;Gojek;buat para customer yg kaya tokai klo bisa jgn maen cancel aja kalo sekira nya dpt nya jauh driver tolong di kabarin jgn seenak nya maen cancel driver udah sampe penjemputan maen cancel ajaklo bisa customer cancel di potong 5000 untuk driver;1
1;Grab;kenapa aplikasi saya tidak bisa tampilkan transportasi dan lain lain tdk seperti biasanya padahal sdh sy instal ulang;0
4;Gojek;oknum driver nya kurang sopan padahal kan saya baru belom terlalu paham harus nya di kasih edukasi bukan malah di katain kasar;1
1;Gojek;sejahterain driver min kasian driver sampe ngalong ujan2n argonya tambahin kasianrata2 driver pada ngeluh klo saya tanya;1
1;Gojek;masih belum diperbaiki kinerja driver atau apk nya ya gojek solusinya dong buat driver biar autobid pas lagi ujananeh susah banget dapat driver kalo ujanmanjaaa bgtkesel deh driver pada manja kalo ujan pada gamau narikga butuh rejeki apa ya;1
1;Gojek;aplikasi aneh tiba tiba muncul tagihan ongkos tolparkir dari tahun sebelum2nya padahal selama ini dipake juga aman aja karena memang udah dibayar ga jelas stop pakai gojek dan uninstall adl jawaban terbaik;0
5;Maxim;bapaknya ramah baik bgd udh mau bawa kitadari tadi mo klinik bawa yg sakit susah bgd pesen ojol dibatalin trsterima kasih ya pak sudah mau bawa kita disaat kita butuh bgdmaaf cm bs kasih tips sedikitsehat selalu bapak;1
1;Gojek;makin gajelasbuat dapet promo aja harus langganan gojek plussekarang udh ga ada promo yang kaya dulu lagimakin update makin gajelaspadahal ngasih promo juga profitnya udah banyak banget dari taxaplikasi kikir;1
2;Gojek;bingung ya sama gojek pakai gojek harus nya bisa lebih cepat dan gak menunggu lama dn harga ny juga semakin naik klo cuaca hujan harus nya driver selalu ready masa menunggu trus sihh harus bisa jadikan solusi penggunan ojol hadehh;1
1;Grab;tolong dipertegas untuk mitra grab carnya saya pesan dari grab car hemat plus sampai xl hampir 2 jam di cancel terus sama driver;0
3;Grab;sudah di update malah nambah fitur verifikasi selfie yang gajelas udah lama kepala sampe ngangguk2 ga jelas ga bisa bisa tembus pesen drivernya malah kaya orang dongo di tempat umum ngangguk2 verifikasi ribet;1
3;Grab;trauma bgt tiap naik grab car gaada yg bener tiap jalan supirnya ngeluh mulu macet lah apalah padahal kita sebagai customer gatau apa apa soal gitu memang sudah resiko mohon adain fitur silent buat pengemudi biar ga banyak ngeluh atau ngomong;1
3;Grab;kasih opsi agar ttp bisa di gunakan walau belum update kadang lagi kepepet sinyal lemot jadi kelamaan mau nyari driver;1
4;Gojek;perlu penyesuaian lagi saya sering di kasih driver yang jauh dari titik penjemputan terus jadi sering di cancel tolong tambah fitur memilih driver agar bisa memilih driver terdekat;1
1;Gojek;gojek ini banyak boong di bilang 1mnt lgi sampai tanya di undur jadi 4 mntt apa begitu cobaa banyak nipu nyagk sesuai y di promosiin tolol emng;0
5;Grab;saya setiap hari menggunakan grab aplikasi sangat bagus nyaman driver nya juga fast respon tapi terkadang kalau sedang hujan aplikasi ini suka loading lama;1
5;Maxim;selamat pagi semoga maxim lebih bagus lagi dari sebelumnya khususnya kami dipulau nias sangat terbantu dg adanya maximhanya sajasaya pengen lbh ditambahkan lagi seperti pembayaran jasa secara onlinemaximpay dan aman juga bagi kita tdk terjadi sesuatu hal;1
1;Gojek;yg bener ajah masa psen gojek selalu jauh titik nya rugi waktu jarak driver juga kasian bensin nyaaaa di le gmana sih gojek sekarang kaga ada akhlak;1
1;Gojek;kecewa berat baru aja make gojek seneng awal dpet voucher diskon eh taunya malah tiba ilang vouchernya udh gitu ditolak laporannya goodbye;1
1;Grab;kurang suka di cara pemilihan peta nya yang tidak bisa di atur dengan akuratmasa harus pasang pin di tempat yang harus ada di maps;0
1;Maxim;kecewa berat sih percuma punya fitur ewallet klo smua drivernya di kota makssr gk ada yg make tolong fitur ewalletnya di fungsiin ya kak biar gak kalah saing sm kompetitor sblh;1
5;Gojek;alhamdulillah selalu memuaskan pake aplikasi gojek menolong banget di saat sy ada di tempat yg asing tapi alhamdulillah bisa sampe ke tempat tujuan dianter abang gojek;1
1;Gojek;kendala tidak menemukan driver tp sistemnya gak ada solusi bertanya ke pusat bantuan juga sama saja tidak bisa dikasih masukan;1
3;Gojek;jadi takut kalo pake voucher hemat disinikalo pakenanti driver nya judesngasih rating customer nya jelekjadi susah dapet driver ga dikasih tips pasti ngomel;1
2;Gojek;sekarang malah semakin parah sdh dekat lho tiba2 di cancel sopir gojek kok gitu sekarang kok gak sopan gitu sdh terburu2 e malah di cancel tanpa ada pemberitahuan dlu parah;1
1;Grab;beberapa x mengalami dpt driver grabcar yg sangat tidak sopanlebih enak naik gocar atau taxi bluebird;1
1;Gojek;banyak driver nya sekarang pada ngemis tips karena argo yg dia terima gak sesuai ada yg nerima 5000ada yg 6000 tolong kasiani driver andaanda bisa jaya karena driver andahilangkan program anda;1
1;Maxim;tolong benerin apk nya dong sering gangguan muter2 terus abang ojolnya chat jadi ngga bisa dibales kita mau konfirm ke ojolnya jadi susan kasian ojolnya;1
1;Gojek;driver comfort lagunya sengaa gak mau diambil lucu bgt driver ojol tuh kalo ga mau ambil bilang biar dicancel wahai para driver dongoo biar org ga nunggu;1
3;Maxim;saya ingin mendaftar ulang sebagai driver tetapi sudah mengganti motor dan ktp di akun lama sudah terpakai apakah ada cara agar ktp lama saya bisa saya gunakan kembali;0
1;Grab;sangat kecewa karena pesan grabcar yang datang malah blue bird malah supirnya blue bird tidak ramah suka ngomel2 tarif murah;1
5;Gojek;good membuat semua orang menjadi dapat sampai ke tempat tujuan nya dengan selamat dan lancar tanpa kendala;1
1;Gojek;driver nya lama bangett yg harus nya anter ibu saya cuci darah jam 6 bisa sampe jam 7an;1
5;Gojek;mantaf smpe ga ngantuk nemenin ngbrol smngat trus cri cuan y pak supir sehat sll berkah selamat;1
3;Grab;bagus sih murah tapi kadang kasihan sama drivernya biasanya pas promo harga grabcar hemat sama dengan grab yg motor;1
5;Grab;sangat cepat cekatan pelayanan nya bagus terimakasih sudah mencari kan kendaraan dan pengemudi yg baik dan amanah dan ramah terimakasih;1
1;Gojek;gojek lagi ngeruk keuntungan pelanggan bayar 15rb driver terima cuma 5rb astaga gojek pantrs drivermu pada ngeluh semua aplikasi meres tenaga org lama2 habis pelanggan mu gojek;1
2;Gojek;sopir gocar rada belagudah tau pesan gocar yg xl ke tanya berapa orang dewasa 3 anak kecil 3 aja gak mau bawa sumpahin seret tuh driver rezeki nya;1
1;Grab;kesalahan driver lama malah customer yg nanggung konsekuensi dibatalin ya karena buruburudriver jauh malah dapet konsekuensi customer bakal dapet yang lebih jauh kalau sering batalin selagi driver belum jalan ngga masalah dong kalau dibatalin malah ngancem customer si grab ini haduh;1
5;Grab;mksh bang udah di bantu itu klrga dr jakarta sedangkan saya org biasa ga py mobil tolong pihak grab di bantu bila penumpang masih klrga dan sy pesan grab dr rmh tolong di permudah;1
1;Grab;sampai bikin 2 laporan ga ada yg beres permslhan ga selesai jg parah dah payah cari karyawan yg bs kerja;1
5;Grab;saran untuk grab ini backsoundnya mohon dihapus saja karena sangat mengganggu apalagi waktu mengangkat telfon saat dalam perjalan bersama drivernya suara backsoundnya masuk kedalam telfon;1
5;Grab;seneng sih dapat tarif murah tp kasian juga ke abangnya sy klo dapat tarif yg murah pasti inisiatif ngasih tip ke driver nya biar sesuai dengan tarif aplikasi lain nya;1
1;Grab;parah driver grab cirebon khususnya cideng raya orangnya senga amat ga ada ramah nya koq bisa orang kaya gitu jadi driver;1
5;Maxim;terimakasih pak semoga sehat dan di lancarkan rezekinyaa amiinn sangat bagus musik yg bagus pengemudi dengan hati hati pengemudi sopan tiba dengan cepat bersih rapi;1
2;Gojek;tolong untuk pihak gojek diperhatikan kmbali driver nya karena saya sering ketemu driver yg gatau gmaps driver yg komplen kalo jalan becek pdhl saya juga gatau kalau jalan tersebut becek atau sedikit banjir selama di jkt drivernya pada bagus setelah di tangerang pada gitu mksh;1
1;Maxim;aplikasi ga jelas dreafer nya pada sengaja di lambatin di apk nya tulisan udah tiba pas di cek dreafer nya masih jauh lebih mending grab atau gojek lebih aman walapun harga sedikit mahal;1
4;Gojek;aplikasi nya berat padahal saya buka aplikasi sosmed atau yang lainnya jaringan lancar tapi klo buka gojek lemot kaya gapunya kuota padahal pake wifi;1
5;Gojek;tolong untuk map diperbaikisering tidak sesuai dan membuat hubungan driver dengan penumpang jadi bermasalahtolong it nya kerja untuk memperbaiki masalah map kalo perlu terjun ke lapangan;1
5;Gojek;sengaja bintang 5ni gojek lama lemot amat chat driver ceklis terus tau sampemau tracking map malah lemot ga jalan;1
1;Gojek;driver gocar pada gak doyan duit padahal banyak yg mangkal tapi gak ambil sama sekali jarak deket 40 rebu;1
1;Gojek;drivernya pada ngemis2 minta tambah ongkos 100 ongkos dpt di 25rb di apk cust eh drivernya minta 60rb;1
1;Gojek;gojek taik ni drivernya penipu dan makin maki orang tanpa ada sebab yg jelas trus mempermainkan orang trus setela itu dilapor keadminnya tapi malaan saya yg diblok adminnya buat smuanya hati hati mengunakan gojek banyak driver penipu digojek tapi tidak ditindak tegas;1
4;Gojek;aplikasi saya tadi tu udah dapet driver dan kemudian ada driver yang nge cancel jadi nya banyak yang masuk chat sama jadinya saya kena omel sama driver jadi nya banyak yang masuk;0
1;Gojek;gojek parah dari jam 2 hujan sampe skr jam 6 sore dari miko mall ga ada yg maw ambil malah pada di cancel;0
1;Grab;kenapa selalu susah cari pengemudi dan malah dapat pengemudi yg jaraknya jauh nego harga sudah gak bjsa lagi;1
1;Gojek;kenapa sekarang makin sulit customer wajib vermuk kamera saya rusak gmn cara makai apk nya sangat kecewa;1
1;Gojek;gojek mahal skrg gaak asik saya mau pindah ke ojek kompetitor sebelah aja wkwkwkw semakin sering naek goride semakin tidak pernah mendapatkan promo kek dulu payah sekalinya ada promo pake bank wkwkwkw ribet bye gojek aku uninstall yah;1
1;Maxim;mau di buka lama banget padahal jaringan bagus pakai wifi yang mahal dan lancar banget tapi pas buka nih aplikasi butut maxim loading muluu sampai setengah jam an lebihh;1
1;Grab;buruk mapsnya gak jalan sekalinya jalan tidak lancar alias stuck stuck jadi tiba tiba sampe aja drivernya jadi kita taunya driver tidak jalan;0
4;Gojek;utamakan driver langsung jalan jika siap ambil jika tidak abaikan jangan buat pelanggan menunggu terlalu lama di akhir waktu menyebalkan rasanya;1
5;Gojek;sejauh pemakaian selama ini saya hampir tidak pernah mendapatkan pengalaman buruk kecuali 12 kasus driver beralasan kejauhan dan minta saya cancel mohon pertahankan kepuasan tetap kasih promo bagi konsumen tanpa merugikan mitra;1
1;Maxim;dahal ya bagus ini apk tpi driver nya banyak yang nolak dengan alasan hujan yakali mesen sepeda dahal mesen pakek mobil huft;1
3;Maxim;nyari terapisnya lama bngt gak dpt2 tp emang murah sih minta tolong di map nya ditambahi nama jalan klu mantau driver ato talent sampai mana biar gampang thx;1
1;Gojek;kecewa sama driver gocar karna sering cancel pelanggan disabilitas kemarin cancel 5 kali perbaiki layanan dulu;0
1;Gojek;tarif mahaaal potongan buat driver 30 lebih kasian woi sama drivernya mereka yang kerja si gojek yang nguntungin kayak zaman kolonial aja;1
1;Gojek;mulai agak kecewa dengan driver gojek di kota semarang beberapa yang cara supiran motoran nya ugalan arogan di ingetin marah dll;1
5;Gojek;seharusnya di aplikasi di berikan tutorial biar paham cara menggunakannya biar gak salah paham sama driver gopartner;1
1;Gojek;mau bayar cicilan paylaterpinjam jadi gabisa karena app nya kebanyakan fitur jadi berat dari dulu selalu problematik sistem nya gojek;1
1;Gojek;goride nya error pesen sekali yang datang dua pengemudi ini sangat merugikan orang maupun pengemudinya mohon di fix;0
1;Maxim;drivernya parah penumpang disuruh bayar lebih padahal parkir dan tol sudah kami bayar tetap minta lebih dan alasannya buat biaya layanan niatnya pengen agak murah dari sebelah malah justru lebih mahal dari si biru;1
5;Gojek;terimakasih atas respon nya dan bantuan nya bintang nya aku kasih 5 sukses terus untuk gojek;1
1;Grab;wahai customer yg budiman kalo kasih rate jangan tega kasihan driver kalo di kasih rate jellek langsung anyep ga sehari bermingguminggu kasihan kalo punya keluarga udah susah lu bikin susah lu bayar juga ga mahal pikirin keluargs driver juga jangan tega jadi manusia punya empati;1
5;Grab;map yg di grab car tidak sesuai titik jemputnya serta titik sampainya tolong diperbaiki agar singkron dengan titik jemput n sampainya kasihan drivernya di ajak muter2 sama map grab karena tidak sesuai;0
1;Gojek;aplikasi payah kalau pesan gocar drivernya pada gak bergerak dari posisi awal good job maxim dan grab;0
5;Gojek;saya melakukan penarikan udah lebih dari 6 hari dana saya belum masuk setelah di telfn csnya malah disuruh email udah di email tapi ga ada balasan bagaimana pihak gojek tolong di baca yaa kalo masalah kecil aja ga bisa di tanggapin pelanggan bisa beralih;0
1;Gojek;tolong sistem jgn seperti penjajah kasian aceng tarif costumer 12500 driver dpt 5000 aplikasi 7500 seperti penjajah ekonomi;1
4;Gojek;maaf apakah ada yg mengalami kendala yg sama dg saya terkadang saya gak bs klik unt membuka chat dan telp dr gojek tidak berdering apakah krn gangguan sinyal atau bagaimana;0
5;Grab;sy pingin naik greb tapi tidak bisa mengisi daftar nya jadi tidak bisa pesengimana caranya;1
1;Gojek;kasihan driver cuma 8800saya beli bakso ongkirnya di apk 15200padahal jaraknya gk sampe 1kmgila nih gojek;1
5;Gojek;tolong di perbaikin goride hemat nya selalu hilang terusan padahal sebelumnya ada terus pake goride hemat sangat membantu saya karena bukan sekali atau 2 kali saya pakai tapi selalu pulang kerja sangat menghemat ongkos saya jadi tolong perbaiki;1
4;Gojek;terkadang dpt notifikasi dr gojek dh gajian ngeledek aj kerja jg kagak motr kagak;1
5;Maxim;terima kasih sudah menyediakan aplikasi ojol yang murah dan membantu serta tidak segan memberi voucher kepada pelanggannya semoga sukses selalu;1
3;Gojek;selebihnya sih udh oke tp sebelnya pas hujan mau pesen makan lagi laper nya susah bgt dpt driver pdhal hujan nya udh reda;1
1;Gojek;gojek tolong perbaiki lagi waktu login verifikasi wajah selalu gagal pencahayaanlahkurang teranglah nunggu berapa saat intinlah buat login aja ribet cocok bintang 1 dululah;1
1;Gojek;hujan gak bisa dpt driver banyak yang nolak karena tidak ada mantol atau jas hujan sangat minim untuk driver;1
1;Gojek;maaf lama dan sistemnya nganter penumpang dulu mahal tapi pelayanan tidak oke mahal ga papa asal cepat sdh lama mahal lagi;1
1;Maxim;driver banyak yg ga jujur 3x pesan harga semua dilebihkan saya bukan masalah nominal nya tpi kejujuran;1
1;Gojek;gw sangat kecewa dgn banyak nya driver gocar pd sombong di saat hujan deras mereka malah nolak rejeki klw lo gk mw narik matiin aja hp lo byutusan langit;1
5;Maxim;amang nya sabar nungguin pelangga beli ayam dulusehat buat pejuang rupiah di seluruh penjuru semoga bahu kalian selalu kuat dlm mencari nafkah yang halal nyetir nya pelan pak sopiranak istri slalu nunggu d rumah;1
1;Gojek;saya pesen gojek tapi gak kesini sampe saya ketinggalan kereta karena nungguin gocar nya saya bener bener rugi 1200juta;1
2;Gojek;sering dikasih gojek yang jauh banget dari tempat penjemputan padahal yang dekat rumah banyak driver gojek;1
4;Maxim;tolong tambahkan fitur blokir driversupaya menghindari driver yg bikin risih costumerjujur ingin sekali maxim menyediakan fitur ini supaya costumer apalagi yg anak sekolahan aman dan tidak mencemaskan orang tua di rumah terimakasih maxim;1
4;Maxim;apk nya si bagus bgt tapi kadang sebel aja sama beberapa driver yg lemot bbrpa kali naik maxim bikin telat kerja dan juga untuk alamatnya blm lengkap;1
3;Gojek;kl pesen go car susah ga ada yg mau mau jarak jauh dekat berkali2 dicancel supirnya harga yg tentuin dr aplikasi discpun langsung terpasang otomatis males nunggunya lamaaaaaaaaaa;1
5;Maxim;terima kasih buat abang maxim nya udh ramah sama penumpang udh mau nunggu juga jarang dapet ojol yg ramah seperti ini pokonya the best;1
1;Gojek;demiallah disaat butuh kayak gini bener2 driver nggk gerak sedih bngtt waktu deadline mepet juga sumpahh sakit hati bgttt;1
3;Maxim;bagus aslinya tapi drivernya sering cancel jadi kasihan yang dapat driver yang jemputnya dari jauh saran aja khusus driver yg cancel padahal dekat dr titik harus dikasih hukuman pengurangan rating sebesar 05 trs kalau rating dibintang 3 diperlama dpt penumpang;1
5;Maxim;terimakasih selain gercep juga ramah baru pertama kali make jasa gojek online dan g salah milih maxim jadi aplikasi;1
1;Gojek;sudah 2 kali pesan gocar alamat tujuan dari aplikasi tidak sesuai dengan yang saya pesan setelah saya edit alamat tujuannya ongkosnya naik lebih dari 2 kali lipat;0
4;Grab;ko sy mau daftar dsru masukin lokasi tpi gk muncul muncul yah lokasi ny udah sy ketik tp blm muncul yg di bawahnya kya masih mencari lokasi trs pdhl klo buka yg lain jaringan aman2 aja;0
1;Grab;gak lgi lagi deh pke grab care kata nya diskon pas datang aplikasinya minta di cansel trus harga nya beda sama di aplikasi;1
3;Gojek;saran buat aplikator gojek wilayah jawa timur sekitarnya harga gojek buat driver tidak manusiawi dan oderan estafet ke driver sangat lama penjemputan mohon di kaju ulang;1
1;Gojek;pesen gocar berapa kali batal batal teruss pada kaga mau cari duit apa gimna sih;1
4;Gojek;aplikasi nya bagus tapi harga nya berubah berubah terus cuma berapa menit aja pas mau pesan harga nya udah naik lagi ga jelas tolong di perbaiki lagi gojek;1
5;Gojek;aplikasi yg menyenangkan dan memudahkan untuk segala kebutuhan saya sangat senang dengan adanya gojek kapan dan di mana pun sangat membantu;1
4;Maxim;driver harus di pilih2 yg baik2 akhlaknya barusan dpt ojol sdh marah 2 minta ongkir 2x lipat gilaaaa;1
3;Gojek;tak edit reviewnya banyak promo grab car yang memang murah bgt tapi pas dipake sama driver tiba2 dibatalkan seenaknya atau dilempar2 tanpa konfirmasi;1
5;Maxim;saya berlangganan maxim sudah ber tahun2 tapi saat ini tidak bisa update karena no hp hangusbagaimana caranya supaya bisa mengginakan jasa ojek maxim mohon infonya terimakasih;0
1;Gojek;tolong yach paylaternya diperbaiki saya sudah bayar itu tagihannya kenapa belum juga muncul notifikasi lunasnya error kok disaat mau limit jatuh tempo klo masih seperti ini aplikasi nya gojek saya tutup selamalamanya terimakasih;0
5;Gojek;terimakasih sudah menjadi bagian perjalanan dan kegiatan sy tingkatkan selalu pelayanan dan kesejahteraan pengemudi tuhan memberkati aamiin;1
1;Grab;drivernya tidak profesional karena harga gocar nya 6500 langsung minta dibatalkan dan menjadi alasan karena murah nya gocar jarak penjemputan nya jauh dan langsung minta di batalkan;0
5;Gojek;gmn caranya login kembali ke akun yg logout hanya menggunakan nomor hp dikarenakan email yang lama sudah tidak aktif;0
4;Maxim;aplikasi ini sudah lama saya gunakan untuk pergi transportasi di sekitar jakarta harganya sangat ekonomis namun untuk map driver masih perlu ditingkatkan;1
4;Gojek;kalau bisa di kendaraan yg masih layak pake biar cepat ga ada keterlambatan sampai di tujuan juga di respon harus lebih cepat tanggapi trimakasih sukses slalu buat gojek;1
1;Grab;bisa bisa nya akun saya di tangguhkan cok gua bukan driver tapi kenapa di tangguhkan akun saya;0
3;Gojek;semenjak banyak pilihan opsi mobil banyak driver yg maen cancel2 aja jadi kalo pilihan go car yg biasa udah lama di cancel pula payah lah;1
1;Gojek;gojek makin kesini makin kurang nyaman drivernya banyak yang kurang ramah terutama pas pesan gocar setiap pesan gocar xl malah dimarahin drivernya karna ada 6 orang padahal fitur xl untuk 46 orang maaf bgt gojek tolong diperhatikan lagi untuk sikap drivernya;0
1;Gojek;punya driver ajarin banyak map lah apa coba di tunggu 9 mnit jadi 30 mnit malah ambil jalan muter jauh yg beenr kau rekrut driver;0
1;Gojek;tolong lah di update yg bener cari lokasi aja selalu ke arah sebaliknya cari driver berjam jam sampe di cancel mulu mendadak sama driver nya pelayanan nya buruk sekali aplikasi ini;0
4;Maxim;hati dengan oknum driver yg ga bener pengalaman saja tadi pagi saya dipaksa buat dianterin sampai rumah padahal saya hanya pesan sampai terminal saja tapi saya tetep tidak mau karena sudah takut drivernya ga sopan;0
1;Maxim;argo tidak sesuai pemesanan awal 13 600 kenapa pas selesai trip malah jadi 20100 ga ngerti permainan dari driver apa emang permainan dari aplikasinya jujur aja dr awal drpda tipu kek gini kesian orangbyg bawa uangnya pas2an;0
1;Gojek;akhir akhir ini harganya gak masuk akal mesen gojek buat ke kampus biasanya harganya normal ini tiba tiba naik sampe 2 kali lipat dibanding sama aplikasi sebelah harga ttp normal;0
1;Gojek;masak reviu akun spaylatter sudah lebih 6 bulan gelooo lu gojek mending hapus nih aplikasinggak guna banget;0
5;Gojek;terima kasih sama cs dan timnya yang akhirnya saya bisa pindah ke device baru saya tolong pihak gojek harus naikkan gaji mereka karena mereka sudah membantu saya memindahkan akun saya ke device baru;1
5;Grab;alhamdulillah untuk saat ni selalu dapat driver yg baik dan ramah semoga selalu menjaga keselamatan penumpang nya aamiiiin allahumma aamiiiin;1
1;Gojek;hadeh aplikasi sudah bagus saya pesan perjalanan klatakantanggul sempet di terima sm drivernya lalu 3 mnt setelahnya hilang mungkin di cancel dr drivernya males bgt klo uda begitu pdhl bayar ga gratis nama drivernya muhamad zaini kecewa aja si klo ada fitur cancel gt wkwk;0
5;Gojek;aku sangat senang memakai gojek respon dan pelayanan customer sangat cepat dan tepat terima kasih gojek indonesia telah hadir untuk kamu;1
2;Gojek;kenapa mau puasa malah gojek susah dan mahal banget biasanya 900010000 skrg jadi 40000 dikira semua org banyak duit tu bolak balik aja dah 80000 kau pikir la pake logika;0
1;Maxim;drivernya pada kaga jelas dan lelet juga masa gua udah sesusai titik di bilang nggak sesuai padahal udah berdiri di titik gua;0
1;Grab;makin kesini makin jelek saya sering tlat gara kata driver grab map gk akurat tlong dprbaiki tau balikin lagi google map biar costumer gk pindah ke apk se belah;0
1;Gojek;ini emailku kok udh kedaftar gojekmau buka akun tapi lupa pakai nomer yg manapemulihan akun tetep gbisatrus caranya gmn;0
1;Grab;kapok aku pke grab baru kali ini aku di bikin kapok gak dpt driver haruss cancel gak customer yg hrus nunggu 2jam bhkan bisa lebih bikin kapok tahun tahunan pake aplikasi ini baru kali ini aku di bikin bener2 emosi;0
1;Maxim;titik dalam map harap di update dari segi titik maps indrive masih jauh lebih bagus kasih fiture foto dalam chat untuk memudahkan konsomen dan driver;1
2;Maxim;terimakasih untuk yang buat aplikasi maxim yang sangat membantu para orangorang yang sudah cari transportasi tapi tolonglah untuk kedepan aplikasi kalau ada pelanggan mau daftar atau mau pakai jasa maxim tolong di sertakan foto terimakasih;1
5;Gojek;sangat membantu ketika kita butuh waktu cepat dan keadaan mendadak dan sangat membantu pendapatan ekonomi sebagai mintra kerja gojek untuk drivernya;1
5;Maxim;alhamdulilah selama menggunakan drive dari maxim sy mrasa puas syukran zakalahu namun sayang link blm bs di simpan sperti scara automact;1
5;Gojek;ok bangeetttmembantutp terkadang ada jg driver yg sdh dipickup tp ngk bertanggung jawabmalah minta dibatalkansangsi tegas seperti itungk niat dan bikin jelek nama driver yg mmng bagus kinerja kerjanyasemngaatt dan sukses sllu gojek;0
5;Gojek;sangat membantu semoga makin baik lagi untuk gocar tolong dicarikan driver yg dekat kl jauh suka lama nunggu dan kad ang drivernya minta di cancel;1
3;Maxim;tolong untuk pelanggan yang memakai jasa maxim harap dilakukan verifikasi ktp terlebih dahulu karena sudah banyak penipuan kasihan para para driver maxim;1
1;Gojek;driver sekarang banyak yg minta parkir di karenakan yg di dapat cuma 5rb sedangkan pembeli bayar 14rbsangat di sayangkan;1
5;Gojek;alhamdulillah selalu membantu saat membutuhkan transportasi kapan saja di perlukan semakin banyak inovasi untuk kenyamanan penumpang nya sangat membantu;1
1;Maxim;tolong di cross cek driver atas nama novriza ramadhani argata motorcycle bewarna merah nopol h4533yq rating di apk 42 tolong dia sudah mengancam dan memeras saya saya ada bukti chatnya kejadian 23 februari 2025 sekitar pukul 2200 wib;0
1;Gojek;cari driver skrg susah cocok dikasi bintang segini driver pilih kasih semua mending pindah ke sebelah aja;1
5;Gojek;bintang yg berbicara dulu saya pernah tibatiba dapat voucher dari gojek senilai rp 1000000 untuk 10x perjalanan langsung masuk ke akun gojek saya;0
4;Gojek;aplikasisi hanya untung untuk yg punya aplikasitapi abang ojeknya tsk dpat seberapa makanya saya lebih milih maxm daripada akun gojekcuma mikirin buat yg pnya aplikasi buat apa;1
1;Gojek;gojek tolong perbaiki dong saya heran banget saya udah cancel ojek malah dikasih makin jauh lokasinya kan heran orang mau kemana mana gak bisa ngendelin gojek;1
1;Gojek;ini apk bikin para ojol jd gak bisa makan karena kena suspend 1 minggu pdhl numpang nedung hade;1
1;Grab;tolong driver grab untuk diedukasi terkait tarif krna ngeluh trs n menjebak penumpang mnta tambhan ongkos 20ribu n ketika sudah jalan minta dimatikan aplikasi untuk dibayar tunai atau tf langsung ke driver;0
1;Gojek;pelayanan aplikasi nya buruk bgt selalu dicariin driver dari titik yg sangat jauh padahal dket titik jemput banyak tolong deh di bnerin lagi kinerjanya jgn ky orang amatiran baru kemarin bikin aplikasi deh;1
5;Gojek;aplikasinya bagus ada promo yang buat jadi lebih murah bagi pengguna baru jadinya gojek lebih nyaman dan seru;1
5;Maxim;trimakasih terbantu banget dgn driver maxim semoga pelayanan maxim semakin hari semakin baik driver juga ramah dan bersih;1
1;Gojek;kenapa harus ada verifikasi muka orang tua saya sudah meninggal gimana mau verifikasi muka ya padahal masih ada sisa uang di gojek;1
4;Gojek;sampai hari ini gojek is the best for mesya sudah pakai gojek sejak tahun 2015 tp sya masih simpan 1 bintang lg karena saya ga dikasih fasilitas pinjam paylater sedangkan yg baru pakai bbrp bulan langsung dikasih kecewa saya kenapa demikian bagaimana penilaiannya;1
4;Gojek;aplikasi overall bagus selama dari sma kls 2 sampe kuliah smstr 6 pelayanan selalu memuaskan driver sangat terlatih;0
2;Gojek;kesel banget kalo nyari driver ngga dapet bisa sampe satu jam lebih ngga dapet padahal posisi di jakarta kota dan bukan jam sibuk kerja;0
1;Gojek;kecewa banget sumpah gak mau lagi pakek nih apk nunggu driver nya lama padahal udah pake prioritas masih aja nunggu lama;1
1;Gojek;susah bgt cari driver dibanding grab bnr bnr ga dapet sama sekali kalo grab aku peaen lgsg ada driver yang mau ambil;1
1;Gojek;susah cari driver gojek kebanyakan kasih promo murah tapi percuma gada yang maj ambil mending jangan pake gojek pake aja maxim;1
1;Gojek;driver nya payah payah mahal doanghujan hujan ga ada yang ngambil padahal udah nyalain pencarian cepat mendingan aplikasi kuning udah murah langsung diambil lagi;1
3;Grab;maaf saya kasih bintang 3 karena saya jarang dapat diskon promo grabbike dan maps driver kadang error jd driver putar arah agak jauh dari titik tempat tujuan;0
1;Grab;aplikasi ngaco saya ingin cepat berangkat dapat driver jauh jauh terus lokasi nya sudah beberapa kali pesan cancel pesan cancel ngaco;1
1;Gojek;makin lama makin kurang ajar aja driver sekarang padahal dah dekat dari jarak dicancel mulu padahal lagi darurat dan milih prioritas tolong min hapus tombol cancel untuk driver atau rating jelek driver yang ngecancel;1
1;Gojek;tolong di perbaiki systymnya sangat merugikan mitra driver dengan map yang suka salah dan penghitungan argo sangat murah sekali;1
4;Grab;tolong grab klo blm selesai ama satu penumpang jangan nerima penumpang yang lain lama di tungguin soal ny;1
3;Gojek;aku pesen gojek biasa bukan yg hemat tetep aj dpt motornya yg supra jelek padahal bayar nya loh udh mahal hadeh gimn ini;1
1;Grab;cuaca lagi hujan cari grab malah makin tinggi harganyamana dapetnya lama banget giliran udah dapet drivernyamalah kejauhan bilangnya mapsnya salah parah banget sihmana lagi urgent tolong ya grab perbaiki;1
5;Gojek;sudah oke cuma sering dapet ojeknya kejauhan 79 menitan kan ngga selalu pergi jauh pergi cm 6 menit dpt ojeknya 68 mnitan nunggu klo urgent jd ngecansel;0
1;Maxim;aplikasi bodoh harga emang menentukan kualitas logika nya kalau driver dapat argo rendah yah pasti pelayanan kacau wajar sih mending aplikasi sebelah deh lebih mahal sedikit tapi pelayanan top;1
1;Gojek;malam paman gojek mau tanya soal akun syaa driver sampai dunia skrng tidak kunjung aktif dri tahun 2014 sampai skrng tdk aktif jga;0
1;Grab;aplikasi udah bener sopir grab car nya sering gak bener kebiasaan malak mohon grab memberikan teguran kepada sopir sopir yg seperti itu;1
1;Maxim;sangat tidak worth it masa iya sudah siang driver nya tidak ada kembalian uang dan ada yang tidak menggunakan seragam maxim saya kecewa sudah berkali kali kena di maxim ini;1
2;Grab;sedikit kecewa sih pengalaman saya ada grabcar hemat lumayan tuh diskonnya tapi pelayanannya kurang memuaskan tolong dong pelayanannya di tingkatkan lagi pernah di bilang tidak enak sama drivernya di bilang minus lah rugi tapi kenapa di adain grab car hemat grab bike hemat;1
4;Grab;saranku ada alasan pengemudi meminta cancel klw ada pecancelan atau fitur blokir driver deh muak 3 hari berturutturut di org yg sama minta cancel terus;1
5;Grab;pencarian alamat cuman ada peta opsi satelitnya sudah hilang alamat di peta juga ngaco tolong di perbaiki;0
5;Maxim;pengemudi septian hadi dengan daihatsu sigra warna coklat tua nopol bp1706ci selamat menikmati perjalanan anda rating 495;0
5;Gojek;depan kantor aja pendaftaran driver ditutup ternyata eh ternyata tetep aja masih buka pendaftaran dengan alasan opang grab vip dll kantor jangan hanya mau di perhatikan tapi driver jga sebagai mitra harus di perhatikan udah tarif nya murah suspend pm tanpa pemberitahuan kepada driver;0
5;Gojek;cepat dan mantap proses nya driver nya juga bersahabat hanya kurang promo nya aja nih dari pihak gojeg nya;1
5;Maxim;sudah bagus tampilan aplikasinya tapi ada baiknya di tingkatkan terutama pemberitahuan rute perjalanan agar mudah dilihat;1
1;Grab;aplikasi yang selalu menindas drivernya ga jelas banget kasian drivernya cs bayar 19rb driver cuman dapet 9rb duh karepmu piye cs di peras kok driver malah tambah sengasara;0
1;Gojek;pesen gojek lama banget gila padahal gojeknya di sekeliling banyak banget tapi ngak ada yang mau ambil aneh;1
1;Maxim;gara salah satu driver kalian saya sampe uninstall dan beri bintang 1 buat aplikasi ini bener tersinggung kecewa;1
1;Grab;kocak apl ngaco milih tempat tujuan aja susah banget harus milih di peta di cari gabisa;1
1;Grab;aplikatornya merugikan konsumen dan driver fokusnya sekarang bukan lagi pelayanan biaya terus dinaikkan tanpa diimbangi peningkatan pelayanan;1
3;Gojek;dulu sempet hapus gojek sekarang setelah download gojek susah masuk karena harus verifikasi wajah udah nyoba banyak kali tetep gabisa soalnya dulu waktu hapus gojek belum verifikasi wajah minta tolong ya karena saya mau pake gojek secepatnya;0
1;Gojek;dah capek pakai gojek ga komitmen di cancel ga bisa malah nunggu lamaa juga ujungnya selalu susah driverteralhir pakai app gojek;1
5;Maxim;tolong mapsnyaa dipermudah min kadang aga susah search alamat sedik berat juga kita drag maps dan buka fitur foto di room chat agar memudahkan customer memberikan informasi kepada driver;1
1;Gojek;aplikasi sialan cari driver susah di cancel terus padahal jemputnya orang sakit parah gak ada fitur ngelaporin driver yg cancel apa;1
5;Gojek;dengan adanya aplikasi gojek inii sangaaaat membantuu urusaan sayaa seneng bgt ih kadang promonya suka ga ngotak wkwkwkw;1
5;Grab;hallo grabb saya pengguna setia grabb kenapa sekarang grabb jadi lelet memakan waktu dan loadingnya bener2 lama itu sangat menjengkelkan dan saya beberapakali pesen grabb car xl tapi mobil yang dateng hanya untuk 3 penumpang bagaimana ini grabb;0
1;Gojek;cari driver susah ngga bisa cepat kaya dulu sistem semakin aneh it terlalu pintar jadi sulit cari driver;1
2;Grab;grab skrg lemot lelet ga cpt respon kaya dulu mau cancel krn salah tujuan jg loading lama banget keburu drivernya datang;1
4;Maxim;untuk driver nya datang lumayan cepat cuman untuk maps yg jalan seperti kampus yang masuk ke gang atau gang g bs di jangkau tolong perbanyak maps nya;1
1;Gojek;tolong tertibin driver driver tidak ramah dan mengecewakan biar nyaman untuk pengguna saya kapok pakai gojek lagi makasih;1
3;Gojek;gojek tolong dong aplikasi diperbaharui kenapa mapnya selalu berubah2 tdk sesuai titik yg di tujuerror mulu;1
1;Gojek;susah skrg gojek ga ada promo psn di grab saja padahal sdh beberapa thn pakai gojek uninstall saja dulu;1
1;Grab;saya bayar ongkir mahal tapi ke driver keterimanya kecil kasian buat driver tolong di perbaiki buat ongkir driver biar konsumen masih bertahan bersama grab;1
5;Maxim;argonya murah dan terjangkau drivernya baik2 bgt bersih dan rapih driver maxim bisa tau lokasi saya padahl saya di stasiun banyak orang;1
5;Gojek;banyak diskon dan promo menarik yang cocok di saku pelajarmahasiswa saya sangat terbantu menuju lokasi magang terima kasih gojek;1
5;Maxim;aplikasi mantap krna aplikasi ini transportasi ku jdi lbih mudahtrima ksih saya ucapkan kpd pihak maxim;1
2;Maxim;saya pesan ojek 1830 tapi kok dapet ojek yg 5km lebih jaraknya waktu tempuh seharusnya cuman 1015 menit jadi 40mnt 1 jam padahal banyak ojek yg jarak dari saya cuman 500 meter telat masuk kelas saya nya gara2 ini;0
5;Gojek;sangat membantu dan akurat cuman sayangnya suka ada driver yang pilih pilih jarak kalau yang dekat mereka suka minta cancle karena perhitungan ongkos padahal pelanggan juga ngerti dan suka ngasih tambahan ongkos karena merasa terbantu;1
4;Grab;udah bagus sih cuman masih aja ada lag pas aksesnya lama banget pas nyari tempat di maps nya kayak nggak smoothlancar gitu benering dong min;0
1;Gojek;teu guna pisan stiap kali psen gojek lama nunggu udah mah harga mahal mending harga mahal cepet dpet yah ini mah harus nunggu lama smpe ksiangan;1
1;Grab;saya pesan grab plus beberapa x dapat y taxi bb saya ingin y mobil pribadi bkn taxi bb lama lama pindah pakai gojek yg jelas bkn kaya grab mengecewakan sistem grab;1
5;Gojek;pelanggan yang terhormat oleh karna penjemputan goride terutama di jam sibuk blast nya terlalu jauh di mohon para pelanggan bawa motor masing masing dengan harapan pelanggan tidak telat sampai lokasi tujuan;0
1;Gojek;gojek ini seperti nya ingin memeras rakyat indonesia banyak pengeluhan para driver semoge pemerintahan secepat nya melakukan pengecekan kepasar aplikasi gojek;1
4;Gojek;tolong dihimbau utk para pengemudi gocar jgn merokok di dalam mobil karena bau assp rokok msh tertinggal dan itu sangat mengganggu;1
5;Gojek;alhamdulillah mo butuh sesuatu tinggal gojekin aja mereka on time dan baik semoga allah ganti lebih perjuangan mereka mencari nafkah;1
1;Grab;harganya jadi naik 2 lipat ngak seperti biasanya fitur grabbike hemat menghilang secara tiba tiba begitu saja;1
1;Gojek;tolong di perbaiki lagi dengan kondisi yang sekarang banyak driver yang susah makan dan penghasilan turun sampai rela tidur di jalan miris banget denger keluh kesah para driver gojek semoga ada kebijakan dengan kondisi sprti ini tidak manusiawi;1
1;Gojek;tolong fitur pencarian drivernya segera diperbaiki setiap kali memesan selalu saja dapat driver yang lokasinya terlampau jauh padahal dilokasi pemesanan banyak sekali driver yang lebih dekat tapi selalu saja malah dapet driver yang kejauhan;1
1;Gojek;kebiasaan banget ini gojek tiap bru ujan selalu susah cari driver berkali ga dapet mana lamaaaaa bangettt pdhl ujan aja ga besar amat dan ud berenti beginiii bagian dapet driver jauhhh;1
1;Gojek;sudah 45 menit saya mesan gocar semuanya tidak bergerak mobilnya saya kehujanan mau bekerja apa memang drivernya begitu tolong di pantau;0
3;Gojek;2018 sama sekali gapernah menggunakan gojek 2024 full pengguna gojek tapi kecewa jarang ada promo yg good deal;1
1;Grab;2 bulan ini berat banget apk nya bkin ngelag hp yg ram 4gb ini apk ojek online apa yutub sih setiap buka kok malah otomatus mutar video ga jelas bikin berat;0
1;Gojek;aplikasi scam beli gojek plus biar dapet promo potongan udah diperpanjang malah ga ada promo sama sekali;1
1;Gojek;kenapa driver tuh sekarang emosian terus minta tip juga padahal tanpa minta bakal gue kasih tapi kalo minta kek ga iklas aja saya mana tau bayarnya murah goceng doang ngomel nya ke costumer hadehhh mls pake gojek;1
4;Gojek;hp saya menggunakan pembaca layar entah kenapa sampai sekarang belum akses untuk mengangkat menerima telepon dari driver gojek hari ini saya menyesal telah mengecewakan 2 driver motor gojek karena persoalan tersebut;1
1;Grab;ni aplikasi tololl banget dahhh mau cancel di persulit ga jelas bet nungguin sampe hampir 3 jam ga ada driver ga jelas banget cok;0
3;Maxim;tolong dong untuk penyedia aplikasi dibenahi maps yg di aplikasi nya biar user dan driver tidak kebingungan masa maps nya diputerin puterin pdahal bisa pakai jalan yang umum dilewati orangorang;0
1;Gojek;suami saya pakai gojek alamat tujuan masih jauh alasan gojeknya gak pernah nganter ke stasiun leles malah di turunin di pasar leles yang jaraknya masih jauh ke stasiun masa driver gak bisa baca maps masih tanya2 ke penumpang;0
2;Maxim;banyak penyusup hati hati banyak juga yang nipu saya udah 2 kali soal e tetep grabgojek pemenangya ada harga ada kualitas pelayanan juga;1
1;Gojek;aplikasi anjink paylater gua diblokir emang bbbbiiiii padahal sudah gua lunasi gua berdoa semoga bangkrut lo gojek antek antek;1
1;Gojek;gojek bulan februari ini mhal bgt bgt bgt pdhl jrak dekat baget go ride maupun gocar mhal g sesuai jarak ada voucheer jg buat krtu bsi g ada bca;1
5;Gojek;driver sangat ramah dan sangat sopan tapi di profil perempuan tapi actualnya laki tapi yg penting jujur dan target tepat sasaran;1
5;Gojek;sejauh ini masih aman driver juga pada santai ui aplikasi ramah bagi pengguna baru pokoknya best deh cuma minta dikembangkan terus saja sesuai kebutuhan konsumen;1
5;Grab;sangat membantu perjalanan kamipengemudi ramah tau jalan jadi customer merasa nyamanterima kasih hati2 dalam berkendara ya kak semangat;1
5;Gojek;sengaja ngasih bintang lima biar d bacaaplikasi pembohongpromo nya dapat kompensasi 10000 bila driver terlambat jemputini udh tiga hari kompensasinya ga masuk2padahal telatnya aj sampe jam;0
2;Grab;makin kesini grab makin gjls mesen grab segitu banyak nya grab gaada yg ngambil lebih baik ojek pangkalan meskipun mahal satset;1
2;Gojek;saya kecewa tolong kasih sanksi bagi driver yg di hubungi susah menjauhi lokasi saat sudah dekat menghidupkan notif padahal ga mau ambil penumpang dengan alasan makan;0
5;Grab;sebenarnya grab sangat membantucuma setiap mo bayar pke duit lbih selalu bilng ga ada kmbalianaph itu udh trik nya padahal klu driver nya siap kmbalian brapa punaku selalu lebihintpi harus konsisten juga jgn mau lbihan selalu bilng ga ada kmbalian;1
1;Gojek;16 februari 2025 parah apk eror gw ga bisa pake di stasiun cikoya mau keluar stasiun ga bisa parah gojek;0
1;Gojek;kalo lagi hujan harganya gak ngotak masak jarak 3km dikasih harga gocar 46000 kalo niat mau peras jgn lewat aplikasi;0
5;Maxim;bgus ramah trnyta gk semua driver tidak bersih dn rapihh wlaupun rta2 gk mngenk atribut lengkp;1
5;Gojek;alhamdulilah bpk tukang gojek sangat sopan kenyamanan keselamatan juga di jaga dengan baik terima kasih bpk gojek;1
1;Gojek;ada voucher banyak 50 buat menghemat jd belilah gojek plus biar ongkirnya kepotong eh udh digojek plus tbtb vouchernya ilang pdhl masih ada 9 dan masa berlaku masi byk ampas deh emng kalo pake gojek mnding grab;0
3;Grab;kepada grab kenapa kok mapnya beda sama yg di google mao pesen titiknya bingung karna beda sama yg di google map takut nanti drivernya bingung coba di perbaiki mapnya;0
3;Maxim;tolong dong driver maxim buat jaga kebersihan helm pernah dapat driver yang helm penumpang nya bau bikin ga nyaman;1
5;Gojek;membantu perjalanan dan banyak promo nya semoga semakin banyak terus promonya tapi tetap tidak merugikan driver;1
4;Gojek;tambahkan akun kerabat seperti orang tua ke anak atau kakak adik jadi kita bisa atur perjalanan pembayaran dan mengawasi semua aktifitas pergojekan;1
5;Gojek;aplikasi sangat membantu tapi tolonglah itnya perbaiki jarak jemput jangan terlalu jauh kasian pelanggan nunggu lama dan kasian driver juga boros bbm tadak sesuai pendapatan dan sering kena cancel ayu donk diperbaiki jangan cuma mikirin untung doank maksimalkan semuanya agar saling menguntungkan terimakasih;1
1;Gojek;semenjak d update sekarang nggak pernah dpt voucher walaupun penguna baru sangat tidak nyaman pakai gojek;1
1;Maxim;rata2 driver tidak ramah selalu menggunakan kata2 gk sopan terhadap costumer emosi habis saya tolong di optimalkan lagi pelayanan nya ganti driver nya driver mana coba kasar ke costumer nya tolong bgt biasakan sopan sama costumer inget itu;1
4;Gojek;kepada pengelola aplikasi gojek tolong tekankan kepada mitranya terutama driver gocar utk lebih proaktif dalam membantu penumpang yg mempunyai disabilitas geraksakitlansia saat naikturun dari unit;1
1;Gojek;kecewa sama gocar yg di belitung susah banget cari drivernya pada nggak mau ambil yg promo;1
1;Gojek;susah cari driver kalau jam ramai padahal driver numpuk ini gegara ceo nya ga becus jalanin company;1
1;Grab;pusat bantuan gk berguna lama sekali responnya padahal kesalahan dari aplikasi bukan dari driver ataupun penumpang tapi penanganan lama dari tanggal 9 sampai sekarang blm dapat penanganan;0
1;Gojek;penjemputan lambat pengemudi banyak yang tidak berattittude aplikasi banyak bug gps ga akurat dan mahal pula tolong di pikirin banyak orang yang bergantung sama gojek;1
3;Maxim;susah buat ketemu driver sering salah alamat kalo di tempat baru lebih bagus kalo ada fitur kameranya dev;1
5;Grab;alhamdulillah nyampai dengan selamat dan lancarabang grabnya baikramah banget terimakasih buat abang grab semoga banyak pelangganya dan lancar rezekinya aamiin;1
5;Maxim;memuaskan l driver tahu jalan driver ramah perjalanan aman nyaman pokok nya top markotop pertahankan bintang nya;1
5;Gojek;makasi ya gojek sering dapet diskon kalo pesen makan sangat membantu kalo pas lagi laper dan males beli makan;1
2;Grab;buruk saya tidak bisa menemukan rumah saya sudah saya cari cari tetap tidak ada tolong perbaiki mapnya;1
5;Grab;ini ada apa ya sama grab susah bener cari cs live soal mau aktifin grab pay later dari kemarin eror mulu;1
5;Maxim;setelah 3 x baru berhasil mendapatkan mobilyg 2 minta dibatalkanmohon untuk driver yg sering membatalkan diberi peringatan atau denda;0
1;Gojek;tolong donk buat gojek diperjelas jalur nya apakah lewat tol atau tidak kasih kita sebagai customer pilihan mau lewat jalur tol atau non tol biar ga buang2 waktu cari driver yg mau ngambil sesuai jalur dari gojek;1
1;Maxim;gakkkk rekomendasi gak gercep supirnya titik lokasi dimana jemput nya dimana pokoknya ga gercep lah supirnya padahal lagi buru buru;1
3;Gojek;bisa gk kalau kita cancel kasih alasan drivernya gk jalan jangan harganya jadi naikwong drivernya yg gk mau jalan di chat jg gk dibales knp jdi di kita harganya naik jauh;1
4;Gojek;tolong goceng di hapus saja dan penyamaran no2 hp tiadakan saja trus penjemputan usahakan yang dekat2 saja tolong sejahterakan semua driver2nya;1
1;Maxim;tgl 31 januari 2025 sy pesan maxim buat anak sy tp di turunin di jalan padahal sudah sy bayar sesuai aplikasi malah sy tambahin tp driver nya kurang ajar mana pake nomer beda sy sdh komplain ke cs tp tidak di tanggapiparah ini maxim;0
5;Maxim;respon cepat dan pengemudi santun terima kasih maxim memang termurah dan mantap lah untuk teman perjalanan;1
5;Maxim;saya sangat berterimakasih kepada pengemudi drivernya karena sangat ramahbaiksopan dan berhatihati dalam mengemudi kendaraan mobil;1
1;Grab;selektif lagi dalam bermitra banyak sekali driver yang minta dibayar lebih kejadian pesen car dapat harga 14k dimintain 50k duluan boroboro tuh driver gerak gamau jalan dia malah nyuruh customer batalin mohon sekali mental opang kayak gitu ditindak karena udah banyak yg ngeluhin hal ini;0
2;Gojek;apalah para driver jutek banget judes sama cs parahnya lagi sampe ada yg maksa minta tips yg tadinya niat mau ngasih tips tapi dengan sikap drivernya begitu jadi males tolong dong drivernya di tegur terutama di wilayah cirebon;1
1;Gojek;udah mahal nyari driver lama banyak tambahan biaya ga bisa di pakai kalo lg urgent setiap hari begitu;1
1;Grab;lelet bangetmalas pake grab padahal dulu pake aplikasi ini terus sekarang maaf saya beralih ke gojekkkkk;1
1;Grab;kacau sekarang grab mentang2 sudah banyak pemakai jd jelek pelayanan nya disaat dibutuhkan cepat cari driver ehh dikasihnya selalu yang jauh terus pdhl daerah saya ada grab yg ngetem;1
1;Gojek;di banned entah salah apajd mall fungsigbs dipake naik ojek dllbaiknya di uninstall aja kaliapk yg 100 curigaan;1
1;Grab;jika ga bisa jd driver ga usah masa driver minta cancel kita juga yg menanggung kenaikan tarif padahal gw pengguna aplikasi grab;0
4;Maxim;kepada yth maxim mohon mohon banget ongkosnya di naikkan lg kl cuaca sedang hujan apalagi kl sedang hujan deras kasihan banget sm driver nya;1
5;Gojek;tolong banget kalo pas ujan drivernya mau pick saya selalu gabisa pakai gocar kalau wkt hujan karena gada yg mau ambil;1
1;Grab;ga perlu adain grabcar grabike kalau ujungnya supir ngeluh ke customer bukan soal apa nya jadi seolah kaya dipaksa untuk melibihi byr krna ga enak;1
1;Grab;kurang suka dengan grab karna ada satu driver yang sya ga kenal tiba nuduh sya dengan nama opik sedangkan sya ga tau opik siapa mana ada kata begonya pas sya mau bls chatnya ternyata di akhiri;0
4;Gojek;gojek selalu siap jika d butuhkan kemana dan di mana murah dan disconlagi yok up load sekarang juga;1
1;Gojek;mengapa aplikasi gojek meminta utk mengakses kontak di hp utk menyadap hp kita atau gmn ya kayaknya sy mending uninstall deh;1
1;Grab;cara daftarnya susah dulu cuma masukan no tepon sama akun facbook sekarang tambah ribet saya penupang;1
1;Gojek;jujur gua cape banget daerah gua susah banget driver yg deket malah jauh banget dapetnya benerin lagi dong tad gua juga di marahmarah sama driver yg mau jemput katanya customer bala padahal gua ga ada ngapangapain benerenin lagi peraturannya cs dan driver perhatiin juga;1
5;Grab;driver nya sangat baik hati dan disiplin dan juga sangat berwibawa dan patuhi aturan per grabpan;1
4;Gojek;tarif lbh murah di banding yg laindriver ramahsampai tepat waktupemilihan rute tepatsmoga tarifnya tetap murah yaa;1
1;Maxim;susah buat nyari alamat pas nya ga kaya gojek ga ribet ini mah ribet banget buat nyari pas titik nya jdi males make nya;1
4;Maxim;agak kurang enak suka lama banget dapet draivernya bisa sampe 20 menit nunggu cari draivernya dulu mah cepet 1 menit 2 menit langsung dapet;0
1;Gojek;tolong lah kasih tau sama drivernya untuk selallu bawa uang kembalian jangan beralasan tidak ada kembalian terus;1
5;Grab;alhamdulillah berkat ada nya grab ini sepupuh saya langganan saya engrab nya selalu pelayanan ramah baik terus updatkan cara pengguna aplikasi ini supaya mudah di meggunakan mudah di mengerti terima kasih;1
5;Grab;keren sih ini dg adanya program grab hemat bisa dapat driver fg motor yg terbaru dan besar mantap deh grab;1
2;Grab;mohon perbaiki min layanan nya saudara pilih grab car plus blue bird mulu orang mau mobil biasa kerja sama boleh tapi sesuai jenis pilihan layanan customer yg inginkan;0
1;Grab;hai saya pengguna grab car baru tau setelah berbincang dengan driver kalau tarif yg saya bayarkan ternyata potongan nya besar dan yg driver terima kecil sekali miris sekali do begitu saya tau cari win win nya biar aplikasi dan mitra nya tetap berjalan;1
5;Maxim;sempurna buat pak sopir nyamau nganterin sampe depan rumah walaupun di pelosok desaberkah selalu pak sopir semoga di lancarkan terus usaha dan rejekinya;1
1;Gojek;gojek kenapa deh naikin harga ga kira2 yg biasanya jaraknya deket cuma 15rebuan jadi 4050rb ini mah org bakalan males kali naik gojek ga bakalan mau make lagi bye gojek;0
1;Gojek;kecewa dengan opsi 3 ongkir hemat sudah saya lakukan 3 kali gak dapat driver padahal deket sumpah hari sangat sangat kecewa dapet driver jauh banget nunggu 30 menit telat ke kerjaan;0
1;Gojek;semakin hari semakin jenuh sama layanan yang di beri sama pihak gojek kemungkinan bakal uninstall apk nya;1
5;Grab;trimkasih banyak selama ini bertahun tahun aplikasi grab beserta para bapak drivernya sudah membantu saya sebagai sarana dalam beraktivitas begitu juga untuk makan dan minum sayasukses selalu mmuaahhtks tuhan yesus memberkati kita semuaamen;1
4;Gojek;sumpah aplikasinya membantu biginda tapii plis benerin error nya udah 2x tiba tiba kecantol driver lain padahal barusan udah nyampe ke titik tujuan jadi pertama dapet driver dianterinnyampe malah kecantol driver lain mohon agak diperbaiki yaa bikin spot jantung ae aku kasih bintang 4;0
1;Gojek;dapet driver susah banget pasti di cancel klo driver gak sesuai sama harga aplikasi mending samain deh argo nya kalo kyk gini saya nunggu lama banget dan di cancel terus;1
5;Maxim;driver sangat ramah pilihan jalur nya bagus semoga selalu sehat dan dilancarluaskan rizki nya yg halal barokah;1
5;Grab;berguna banget sih ini aplikasi kalau kita pulang kerja malam kita bisa nih mesan transportasi di sini terimakasih grab;1
1;Gojek;apk yg sangat tidak peduli keselamatan banyak driver ga pake seragam dan suka di jalan contoh lawan arus dan trobos perboden;1
5;Gojek;gak kwatir lgi takut gak bisa pulang di saat gak punya kendaraan pribadi semenjak ada gojek is the best lah pokoknya;1
5;Maxim;mohon penjelasan nya an nusron driver b 1961 rop kenapa tarif nya rp 97500 jadi rp 107000 berangkat sedangkan balik pulang tarifnya sesuai rp 99500 driver z 1517 em an wahyu hidayat ok;0
1;Gojek;adain fitur chat buat penjemputan yah kasian driver nya harus nelpon klo mau jemput habis pulsa nya ongkos ga seberapa;1
1;Grab;grabcar drivernya engga pakai otak jalanin mobilnya minus akhlakminus attitude juga pelayanan jelektidak ramah terhadap penumpang;1
2;Gojek;versi terbaru gojek malah bikin chat dari driver enggak muncul notif di hape pelanggan pas dicek ke menu chat baru ketahuan kalau ada chat;0
1;Gojek;lama bgt dpt driver mau itu reguler ekonomis tetap sama ini buka cuma sekali tapi sering;1
1;Gojek;aplikasi ribetnyari driver dari tadi gk dapetdrivernya pada gk niat kerjabuat ceo gojek tolong evaluasi lagi lah drivernya;1
4;Gojek;tolong diperbaiki sistemnya sudah beberapa kali pas pesen goride 1 tapi malah dapet 2 driver kasian driver satunya jadi harus dibatalin;0
3;Gojek;sekarang gojek ko kutang memuaskan ya padahal driver banyak tapi susah buat psenkecewatolong tingkatin lagi biar gak berpindah ke apk lain kan kasian drivernya juga nungguin ordran tapi sistemnya ganguan gini;1
1;Gojek;sistem aplikasinya seperti makin lama makin gak bagus pencarian drivernya kenapa harus yang jauhjauh dan gak efisien;1
5;Grab;harusnya ada tindakan dri pihak grab ke lapangan supaya di setiap titik para ojol untuk jemput penumpang tidak ada gesekan sama ojek pangkalan setempat ini yg harus segera di tidaklanjuti supaya penumpang enak dan ojol pun lebih tepat waktu tepat di titik penjemputantitik tujuan penumpang;1
1;Grab;adillah dlm memberi sanksi jgn terima laporan fitnah dr cs lgsg akun driver disuspend tanpa pemberitahuan keslahan apa yg di perbuat;1
1;Gojek;makin kesini makin gak jelas si gojek punya limit paylater gabisa dipake padahal gapunya tagihan paylater yg belum dibayar;1
5;Maxim;terimakasih banyak untuk owner maxim dan seluruh teamnya semoga selalu sehatkuatslmtamanlancarbrhsil semakin sukses barokah dunia akhiratnya seluruhnya;1
2;Gojek;matikan fitur one tap suka ke double booking kasian drivernya saya sudah cari tutor matikan fitur tersebut tapi gaada sama sekali tutorial nya;1
1;Gojek;pesen gojek motor utk saudara drivernya muter kejauahan ngak tau dicancel driver nya atau gimana trs kita pesen pakai aplikasi ojol lain tiba2 saya dpt notif bahwa dpt driver baru dr gojek padahal yg td udah tercancel kesannya saya pesan lg;0
1;Grab;saya peke grab bike hemat tapi bayarnya 17000drivernya terima 10400 gila grab ga ngotak kasian drivernya saya kira driver nerima 15000;1
1;Maxim;perusahaan penyengsara driver tolonh driver pindah aja semua le tempat lain dan untuk pelanggan harap segera uinstal app ini jangan pakai lagi;1
1;Grab;tolong lebih peduli sama drivernya apa lagi kalau drivernya bener punya masalah jangan anggap driver lu robot driver dapat masalah malah lu tambah bikin susah driver lu kocak;1
1;Gojek;pesen ambil yg 1 jam selesai tapi 2 jam baru selesai dapet driver lama bnaget padahal ga lagi hujan atau gmana;0
1;Gojek;ketatin lg aturan nya bikin jengkel az gojek nya disini saya bayar massa saya pakai gosop di suruh kensel trus;1
1;Gojek;tolong dong kl terima calon driver di seleksi dl manusia nya jangan yg bodoh tolol nyolot;1
1;Grab;iklan nya ganggu banget susah di close udah jarang gw pake mahal beda sama gojek dan maxim drivernya kasus mulu kaka gw hampir dilecehin sama driver grab;1
3;Grab;maaf saya pernah kena damprat driver grab karena saya minta tunggu 5menit bener2 didamprat sampek telpon marah2 karena memang lokasi agak masuk2 dan saya masih komunikasikan sama temen saya yang perlu jemputan;0
1;Gojek;selalu dapat driver yang posisinya jauh padahal didekat rumah banyak driver parah sudah tidak seperti dulu mending pindah ke apk lain aja;1
1;Gojek;ada pilihan untuk rubah rute sehingga driver biasanya meminta untuk ubah rute agar harga lebih mahal jika harga tetap meskipun sudah ubah rute driver biasanya kesalmarah tolong untuk dihapus aja pilihan ubah rutenya;1
5;Grab;alhamdulillah selalu dpt driver yg ramah cekatan dan selaau mengendarai kendaraan dg sgt hati2sehat sellau babang ojek gusti mberkahi;1
3;Grab;aplikasi yang sangar menolong kegiatan setiap hari tarif awalnya oke tapi sekarang semakin mahal dengan alasan untuk inilah untuk itulah untuk perbaikan untuk pelatihan sejujurnya masih terbaik kedua;1
4;Gojek;banyak terbantu dalam berbagai kondisi sedikit koreksi terkadang titik tidak sesuai dengan alamat yg ada dan ada driver yg menolak mengambil hanya karena jarak ataupun kemacetan semoga bisa semakin lebih baik demi kenyamanan konsumen trimakasih;1
2;Grab;tolong ya itu maping nya di benerin lagi udah jelas2 saya bener pas titik alamat saya kok driver2 malah ke titik yang lainjadi saya terus yang di marahin sama driver padahal titik rumah saya udah bener;0
1;Maxim;kendaraan motor banyak yang tidak patuh aturan lalu lintas driver berbeda dengan nama pemilik dan banyak yang tidak ramah;1
1;Maxim;pelayanan terhadap konsumen jelek driver jarang mau datang dgn berbagai alasan yg tak masuk akal driver yg di pilih terlalu jauh dari titik penjemputan;1
5;Maxim;driver sangat ramah cpt respon dn sangat tenang bawa kendaraan ny makanya saya ksh bintang 5;1
5;Gojek;sangat membantu perjalanan saya ya walaupun kadang ada aja driver di luar nurul tapi its okay lah;1
4;Maxim;aneh sama ojol maxim jd double pembayaran tdny pake kasprolalu akhirny berpindah jadi tunai saya cek kaspro saya berkurang;0
1;Grab;grab sekarang mahal sekali lebih murah aplikasi sebelah nyesel udah pernah jadi driver grab kalian itu untung sudah berkali kali lipat apakah harus saya sampaikan ke bapak presiden agar ongkos grab jadi sangat hemat;1
4;Gojek;sangat membantucepat penanganannya dan perbaikan saat ada ulasan jelekdraiver ramah dan baik meskipun agak lama mencari driverjarang ada promo untuk goride tapi tetap gojek pilihanku sukses trus untuk gojek;1
2;Gojek;setiap hujan selalu susah dapat driver gocar selalu di cancel krn gocar memilih pindah aps yg lain;1
1;Gojek;woi gojek emang kalo kita mesen trus gak jadi bayar ya gw mesen gojek karena lama makanya gw cancel eh pas dateng orangnya marah marah minta duit gw kan harusnya cuma 17 ini dua minta uang ganti bensin sampe 50k ah elah;0
5;Grab;terima kasih untuk pelayanan driver grabsemoga kwalitas pelayananya semakin baik dan semakin berkwalitasmampu memberikan kepercayaan dan kenyamanan customerterima kasih;1
1;Maxim;dtng ke sekolah memberi voucher 200rb eh pas dipake ga bisa dan cara pemakaian tidak diberi tau nipu ga si;0
1;Gojek;oi minimal klo udh boking gocar atau grab klo di waktu hujan itu cepat dapat lah apalgi di pagi jam 3 lama bgt dapat nya mana dpt nya jauh pda gamau kesel bgt gw;1
1;Gojek;sudah pakai lama gojek ini ga dapat fitur di gojek buat apa saya apk nya klo ga ada kegunaan nya uninstall;1
5;Gojek;sumpa ya gojek pas awal banyak bgt diskon nya tapi lama kelamaan gaada diskon lagi eheheheh but issoke makasih ya gojekk;1
3;Gojek;sengaja saya beri bintang 3 di karenakan saya baru pertama kali mencoba menggunakan kan aplikasi gojek;1
5;Grab;sangat membantu saya untuk perjalanan di luar kota biaya nya relatif murah dan banyak promo nya terimakasih grab;1
1;Gojek;selamat petang ijin bertanya saya gatot supriyanto untuk akun gojek saya kok belum aktif juga ya sdh 4 bulanan belum dipanggil2 kenapa ya;0
1;Grab;aplikasi gajelas akun gua 3 dibekukan semualaporan tetep di non aktifkan mending gojek ama shope udah grab mah yg enak cuma grebe grebe;1
3;Gojek;licik banget notifnya ga bisa matiin notif promo cuma pengin terima notif perjalanan pilihannya cuma nyalain atau matiin semua notif di settingnya 2 bintang lagi untuk setelah ada kategorisasi notif yang jelas;1
1;Gojek;pungli berkedok aplikasi ya ini ongkos yg diterima driver sangat murah yaitu 5 ribu padahal customet bayar tarif normal 12 ribu jarak dekat untuk ongkosnya;0
5;Gojek;aplikasi nya bagus sangat membantu untuk perjalanan saran agar ditambahkan opsi untuk tampilan peta jenis satelit terimakasih;1
1;Gojek;aplikasi anak bangsa kok menyusahkan drivernya bikin sejahtera driver custumer juga senang kasian potongan driver telalu besar semoga pimpinan segera dapat hidayahhh;1
1;Gojek;sebenarnya cukup membantutapi banyak di rugikankita sebagai customer kadang mengeluh juga dengan cara kerja aplikasi sudah bayar full tapi pelayanan kualitas kurang baiksaya tnya ke driver katanya dari aplikatornyagmna inipantas cs sama driver slalu marah kaya di adu domba tolong perbaikiqt cs full byar;1
5;Grab;mntap krn anda anda perjln jd lncar dan tepat wktu trimz buat rekan2 grab ati2 d jln dan jgn lupa jaga kondisi;1
2;Gojek;booking kembali cara hapusnya gimana sering kepencet krn memang cepat bgt dapetnya klo ga sadar pesen berulang trus;1
1;Gojek;saya selaku driver kecewa kepada sistem gojekberpihak sebelah kepada customersaya lagi ngejar bonus weekendtp penumpang yg cancel tapi performa saya turun pdhl penumpang yg cancelotomatis gagal bonusnya tidak kekejar jadi sia semangat ngejar bonus malah gagall;0
1;Maxim;driver nya ga sabaran bawa kendaraan ga peduli ada kubangan air kayanya tetep di terobos aja yang buat pengguna motor kecipratan air kotor jadinya santai pak;1
1;Gojek;driver gojek sekarang pada sombong mentang mentang cuma 10 ribu ga ada yang mau ambil gerak padahal sudah di terima oleh driver;1
2;Maxim;sudah instal dan uninstall yang kesekian x nyapesan maxim car selalu ditolak ma drivernyapadahal di map terlihat banyak driver terdekat harga juga tiba berubah dari tarif awal tolong diperbaiki lg;1
1;Gojek;jangan pada pake gojek lg si gojek ngasih ongkir ke driver cuma 5 rb aplikasi maruk;1
1;Gojek;tiap hujan selalu susah untuk dapat driverdan ini bukan perkara sambungan internet tolong dibenahi lagi untuk pihak gojek perkara seperti ini;1
1;Grab;pesen dari jam 1900 udah jam 2200 ga dpt dpt driver gabisa dibatalin lagi bikin gabisa tidur klo tidur tkutnya dpt driver benerin lah gajelas;0
2;Gojek;serius deh jelek banget sering gak bisa nemuin titik lokasi yg dicari padahal nyoba di app sebelah bisa;1
5;Gojek;bagus hanya saja kadang dapat driver yang ugalugalanaku sampai jatuh tp gak ada tanggung jawabnyadan dpt juga yg agak kurang baikduduk nya mepet2 saya sampai mau jatuh untung aja jaraknya dekat kepala ku sampai sekarang masih sakitsaya cs dari wilayah sidoarjo;1
5;Gojek;pengen kasih bintang 1 kalau ada driver yang masih menuju lokasi jemput tapi di aplikasi sudah bersama penumpang ga di briefing dulu gitu para driver nya;1
5;Maxim;oke pengemudi abed nego banga dengan motorcycle warna merah nopol dn4712er selamat menikmati perjalanan anda rating 490;0
1;Gojek;drivernya sekarang belagu banget di hubungin suka ga dibales 10 menit kemudian baru dibales udh jalannya lama banget;1
5;Gojek;prioritas kan driver bintang 5 donk kayak di aplikasi sebelahlayanan bisa maksimal dan nyaman dijalansaya pengguna gojek lamaterima kasih min;1
1;Maxim;apknya astaghfirullah sekali masa mau daftar malah ga dikasih kode terus juga nyoba cara lain malah sulit;1
1;Gojek;sya trauma pake gojek sya pesen gojek trs saya cancel krn hbis lomba ternyata blm boleh pulang krn eval langsung sy cancel cepet cepet ternyats ojolnya pas pulang nunggu saya di depan buat ngata ngatain saya;1
1;Grab;aplikasi termahal dikotaku cikampekkalo mau bersaing dgn aplikasi lain dan gk ditinggal customeradakan layanan hemat lagi dong kayak 2bulan kebelakang sekarang tarifnya 15rb tapi saya tanya driver katanya cuma dapet 8rb;1
1;Grab;bye grab aplikasi paling berat di gunain buat pengguna hp 4gb ram pake sgala video iklan lah sgala macem lah di masukin bukan nya makin ringan malah makin berat aja tu aplikasi gimana ga pada kabur ke gojek shoppe bye bye;1
1;Grab;sudah dapat driver grabcar yang dekat tiba2 dibatalkan oleh sistem grab kenapa grab tidak rela kalau pelanggan pakai promo tapi dapat driver yang jaraknya dekat;1
3;Gojek;makin kesini makin jelek driver suka telat yang harus nya dateng jam 605 tp belum jalan anak sekolah dibikin telattt muluu belagu bgt ujan dikit sepi bgt gada yg ambil kalo kaya gitu mah skrg pindah ke grab atau maxxim;1
1;Gojek;kenapa driver sama customer gps nya ga sama kapan sih sinkron nya tuh gps;1
1;Gojek;udah lama pake apk ini sering juga beli lewat sini tapi gojek masih pelit banget buat ngasih promovoucher;1
5;Maxim;bagusssss banyakkk driverrr ramahh yang sayaaa temuii disinii semogaa kedepannyaa selaluu banyak driver yang ramah dan tidak menyalahi peraturan dari maxim karena saya sudah berlangganan menggunakan maxim dari lama;1
2;Gojek;saya sangat kecewa terhadap aplikasi gojek karena aplikasi nya seperti mengalami error saya memesan gocar memang sedang macet dan di aplikasi awalnya tertulis nya 3 menit lagi dan tiba tiba berubah menjadi 10 menit dan ternyata ketika saya cek gocar nya sudah sampe di tujuan;0
3;Grab;maaf jd bintang 3 awalnya kebantu karna ada promo tp drivernya ga mau ambil dgn dalih jauh titiknya ga sesuai dgn pembayarannya kecewa bgt sih sm grab;1
5;Gojek;banyak promonya ngertiin di saat cs lagi sekaratsemoga promonya tidak membuat drivernya jadi beban dan sengsarasemoga cs juga ngertiin driver yajangan lupa uang tip ya ka untuk driver gojeknya;1
1;Grab;setelah upgrade jadi lemot susah dibuka sebelumnya lancar2 saja tolong perbaiki sy kasih bintang 1 dulu kalau sudah lancar baru tambah;1
5;Grab;bagusminta tolong lebih banyak promo untuk mobil dan sepeda motor supaya bisa menikmati perjalanan dengan hemat dan nyaman terima kasih;1
4;Gojek;kasian driver nya terlalu murah potongan terlalu besar sebagai customer saya merasa iba dengan nasib driver;1
5;Gojek;bagus pelayanan nyabisa selalu diandalkan kalo kita pergi ke kota lain bingung jalan tinggal pake gojek;1
5;Grab;complain suda dtngani tuti ttng driver nakal mohondtindak dan disuspend karena mlarikan uang tmn skerja ny;1
5;Gojek;udah lama pake gojek pakai gojek harga juga murah ko tapi sayangnya yang harus diperbaiki kalau hujan tolong yg gocar ttp bisa terus kecantol kalau pakai goride oke bangett karna lebih praktis cepet bngt gtu nyantol ke customer mana dapat driver yang baik ramah semua;1
1;Gojek;pesen gocar dapet harga 17k dri apl nya kan lumayan tp malah dri drivernya ditolak trusharusnya drivernya jg jgan milih lah sini jg dapet harga promo kan dri aplnya bukan permintaan kita tolong gojek masukannya trims;1
1;Grab;sampah banyak diskon banyak promo yang paling di rugikan jelas mitra driver aplikator paling di untungkan;1
1;Gojek;sumpah mapsnya gajelas bgt drivernya keliatan ga jalan padahal dia jalan kasian kalo ada yg tbtb dicancel karena salah paham tlg diperbaiki;1
2;Gojek;kalau hujan banyak driver yang dekat tapi lama banget nyantol nya iyasih tau kalau hujan tapi please padahal udah pakai harga yg teratas sampai pencarian cepatpun tetp gak gercep;1
5;Gojek;buat go jek akun driver nya di per gacor lagi dong semenjak ada aceng susah yg akun regular anyep parah;1
2;Gojek;pesen gocar sudah dapet tapi status masih mencari driver gak bisagak tau cara dibatalkan riwayat chat tiba tiba hilang terpaksa pakai goride;1
5;Grab;anak sy sakit trus di jemput sama ibu supir beliau mau mencari anak sy yg susah di hubungima ksh ibu supir sdh mau mencari anak sy yg sedang skt supirx bagus pelayananx;1
1;Gojek;makin nggak jelas semua dari pengembangan aplikasi sama drivernya terlalu lama nunggu malah menjauh malahan ini banyak driver minta di cancel;1
1;Grab;pengen tak viralin sekalian untuk grab car yang dapet promo 10 ribu slalu di perlakuin ga baik custnya untuk ac lampu gada yg di nyalain gila;1
5;Gojek;suka pakai gojek dripda sbelahsupirnya suka cancelim alasan takut gelap la ini la itu lagojek driverny cepat2;1
1;Maxim;agak kecewa sama drivernya padahal udah tertera harga dari lokasi ke tujuan cuma 35000 tapi driver malah pilih jalan yang lebih jauh untuk sampai ke tujuan dan harganya di naikin jadi 42000;0
1;Gojek;driver arogan sebenernya pelanggan setia gojek tapi ketemubdriver arogan padahal dia yang salah aku yang kena pukul udah uninstal aja ganti grab atau maxim aja;1
5;Maxim;driver maxim atas nama anggi suryadi putra cilegon baik banget sopan santun pokoknya nyaman banget driver anggi suryadi putra;1
1;Gojek;gocar lebih baik ditiadakan aja banyak driver pilih2 harga mana bisa customer yang atur belum tentu juga gak dikasih tips lebih parah si;1
1;Gojek;driver mobil kebanyakan nolak padahal cm jarak 3 km tujuan nya ngga mau pd mundur aneh min;1
1;Gojek;kenapa yah sya pesan driver saya dapat driver alya setelah chatan dan menunggu tetiba ditelpon driver sigra dengan nopol yang sama dan chat sya dengan driver alya hilang dari obrolan aneh;1
1;Maxim;tolong dong diperiksa semua driver nyaaa apalagi daerah jambi kalo malam banyak yang pada upping price sampe 2 kali lipat bukan nya ga mampu tapi masa sampe segitu nya;0
1;Grab;driver b2260koe banyak ngeluhnya kalo ga punya jiwa melayani ga usah diambil jobnya udh minta tambahan terang2an penumpang disuruh keluar tengah jalan sakit itu driver;1
4;Gojek;aplikasi gocar nya kurang bagus selalu di cencal terus alesannya jarak terlalu jauh dan harga terlalu murah macet lah bla bla bla bla;1
1;Grab;sangat susah mengguna apk ini saya harus menunggu berjamjam itu pun tidak di terima sombong sekali driver nya ini semua susah payah sekali ga beres ga jelas;1
1;Grab;aneh banget driver yang minta cancel berkalikali lah jadi saya yang rugi karena kena biaya tunggakan kocak;1
5;Gojek;tolong mas mba nya bagian operator aplikasi gojek saya minta kalau mencari driver itu yg cepet karna kalau pesan gojek pas lagi buru2 itu biasanya lama tolong diperbaiki lagi;1
2;Gojek;kecewa banget sama gojek sekarang sering banget bug trs susah banget dapet pengemuditrs sering dpt gojek yg bilang dh jalan padahal belum skrng ga mau pake lagi padahal sering make buat sekolah semenjak sering bgitu ga dlu;1
1;Maxim;oknum driver diberi pengertian sebagai penyedia jasa utamakan kenyamanan pelanggan misalkan membawa kendaraan tidak ugal ugalan ramah jika kondisi mental tidak baik2 saja lebih baik istirahat saingan jasa transportasi lain banyak;1
1;Grab;saya pesen grab car supir nya di lempar2 terus maksudnya gimana inibikin kerja saya telattolong dong kerjasama nya kalau ga niat kerja gausah kerja bikin orang telat aja;1
3;Grab;kenapa grab susah banget di buka padahal sinyal handphone saya aman aman ajasaya cek buat aplikasi sosmed sama browser lancartapi pas buka aplikasi grab malah gak bisa seolah olah sinyal nya gak adabagaimana dari pihak grab mohon penjelasannya;0
1;Gojek;kenapa di aplikasi chat dan juga map tidak ada update nya sama sekali merugikan pihak driver dan juga konsumen;1
1;Grab;aplikasi lu terlalu beratgolek yg mb nya sama saja ketika menginstal buka aplikasi nya itu gk lebay lemot kaya grabparah nih aplikasi bukan nya di kembangkan biar lancar di semua hp entengini malah bikin susah customer;1
3;Gojek;kalau semisalnya gocar gabisa tuh jangan diterima cobaudah nunggu hampir sejam gocarnya diem aja ga gerakudah beberapa kali pesen diterima ga gerak gerak aneh;0
4;Grab;alhamdulillah bagus ramah hanya saja sempat mendapatkan driver yg tdk sabar pmarah tampak angkuh sekali ingatan itu membekas sampai sekarang;1
1;Maxim;sorry to say saya berdebat dengan pengendara karna ga punya attitude dengan cara membohongi pelanggan saya sering kasih uang lebih tanpa di minta pembayaran di aplikasi dengan yang di katakan pengemudi jauh berbeda;1
1;Grab;pelayanan cs kurang baikdan tidak sopan sebaiknya tutup aja aplikasi inidi tambah driver nya sombong sombong;1
3;Gojek;gojek kalau mau drivernya ngebahagian keluarganya jangan cuma suruh customer kasih tips dong tapi jangan gede gede potongannya pantes banyak driver minta bayaran offline;1
1;Gojek;saya kasi bintang 1 karna tiba tiba akun saya kena blokir padahal udah ajuin banding katanya karna sering melakukan pembatalan padahal baru bikin akun gojek baru;1
5;Grab;grab tuh banyak diskon keren cma drivernya aja klo kita pke diskon untuk berpergian kurang bikin nyaman giliran kemablian nya kita kasih aja berubah raut wajahnya wkwk;1
1;Gojek;makan tuh kebijakan buat driver pake sistem slot pengguna bayar mahal tp driver cuma dpt ongkos 5rb blm aja ntar juga lama2 di geruduk driver senasional aplikasi penjajah driver;0
1;Gojek;mitra mu banyak jd pengemis online dengan tarif 5rb jd banyak di tinggali pelanggan mu krna merasa risih dengan meminta minta alias di kasihani;0
2;Gojek;gocar sering gak respon gak jalan nunggu lama akhir nya di cancel nanti cari lg malah ambil yg jauh bgt;1
3;Gojek;kondisi hujan reda udh pake comfort pelanggan prioritas biar cpet dpet driver udah 10 menit malah ga dapet sama sekali sekali dapet juga posisi jauh bener kena cancel juga sama driver;0
1;Gojek;aplikasi gojek tolol gua lagi zoomin peta malah balik zoom out gitu aja terus bikin darah orang naik aja udah gitu notif promo gak guna aja dibanyakin tiap hari;0
1;Gojek;gojek semakin rakus dengan drivernya potongannya tidak manusiawi pelanggan bayar mahal yg d terima driver kecil;1
4;Gojek;udah pakek gojek hampir 6 taun baru kali ini kecewa tolong gausah di kasih promo aja soalnya driver banyak yang ga mengenakkan kalo kita pakek promo;1
1;Gojek;tolong klo driver sering cancel di kasih peringatan sumpah ya tiap pagi pasti selalu gitu di batalin terus alasan jauh lah ini lah itu lah padhal pake yg prioritas bukan yg hemat kadang juga nakal minta duit parkir padhal gk ada;1
3;Grab;apaan nih giliran lagi mepet banget buat pergi malah nggak ada driver sama sekali lain kali hire pengemudi yang rajin aja lah nglawak minta dibatalin mulu;1
2;Gojek;kalau lagi macet hujan driver suka mengcancel klo ga niat cari nafkah lebih baik matikan aplikasi;1
1;Grab;pesan grap mobilnya stikernya maxim setelah datang minta bayar offline saja alasan jam sepi dan baliknya gak akan dapat penumpang ya sudah saya gak jadi pake grab;0
1;Grab;sistem rating jangan bikin driver di suspend pak skarang bnyak pelanggan yg kurangajar padahal sudah dilayani dengan baik oleh driver cari solusi yg lebih baik untuk kenyamanan bersama;1
2;Grab;saya driver grab merasa tidak puas dengan map aplikasi bukanya kasih solusi pada kerjaan justru bikin stres driver maps selalu muter tidak jelas;1
4;Maxim;driver nya pilih pilih hemmm padahal lagi di kejar waktu please lah jangan mandang deket jauh nya;1
3;Grab;kenapa aplikasi grab driver tidak bisa di instal di hp realme c11 2021 keterangan perangkat ini tidak kompatibel dengan hp anda;0
5;Gojek;pake aplikasi gojek udah dari 5 taun yg lalu selalu jd andalan di setiap waktu maakkkk nyosssss;1
5;Gojek;gojek emang ngebantu banget saat di situasi gaada temen buat nganteruntung nya ada apk ini nih yg mantul banget apalagi suka di kasih diskon makasih banget pokoknya hhe;1
1;Gojek;makin kesini kebijakan buat castamer udah kaya kebijakan buat driver selalu di persulit tiap ada masalah;1
1;Grab;didaerah saya pemalang grab jam 0530 wib pesen grabcar utk ibu saya melahirkan susah sekali pdahal darurat utk pergi ke rs;1
1;Grab;ini grab car error kah aplikasi nya bayar tunai gk bsa2 maupun pake superbank tolong ini akun saya tidak bisa di gunakan sama sekali sudah beberapa hari kepusat bantuan pun sudah mengadu tapi tidak ada solusi tanggapan apapun;0
1;Gojek;pay later saya di blokir dari bulan dersember kenapa padahal pembayaran lancar bahkan sampai saat ini masih ada pembayaran yg lancar sampai bulan depan saya mau isi token listrik nih gimana udah malem nih hadehhhhh;0
5;Gojek;suka pake gojek aplikasinya mudah di mengerti dan bs beli apa aja di gojeksukses trus u gojek;1
1;Gojek;bisakah kalian memberi edukasi driver sampah kalian untuk berkendara dengan benar bagaimana bisa saat berada di tengah dengan kecepatan 60km tiba berhenti dan ambil ke kiri tanpa sen;1
1;Gojek;download susah banget apk gojek padahal dapat membantu dan meringankan masyarakat karna tidak ada kendaraan terus menggunakan jasa layananan online ini gojek perbaiki lagi yang punyak aplikasi gojek;1
1;Gojek;males sama gojek selalu ngasih promo tapi driver selalu gak punya kembalian masalahnya sering terjadi;1
5;Maxim;mantaps n untuk harga lebih murah supir ramah mau angkut penumpang ga seperti sebelah 3 kali di cancel;1
3;Gojek;saya kecewa dengan aplikasi gojek setiap saya pesan gocar kenapa posisi driver gocar nya terlalu jauh tolong dong di pebaruhin aplikasi nya;1
1;Grab;tolong sistem hemat grab car di hilangkankarna driver klo penumpang pesan yg hematac gak mau di hidupkan dan pelayanan jelek sekalian aja itu gak ad opsi hemat nya;1
5;Gojek;akhir bulan januari ini dpt ongkir 5rb biasanya 10rb drivernya jg lancar applikasi lancar mantap bisa diandalkan;1
1;Gojek;cara menilai sopir masih membingungkan sebab tidak ada tulisan pemberitahuan atau di menu mana untuk menilai sopir aplikasi yang masih membingungkan tidak bisa scroll ke bawah padahal ada bagian kotak berisi promo yang terpotong namun tidak bisa di scroll;1
1;Grab;drivernya sombong mentang mentang pake grabcar hemat ga ada yg mau terima padahal lagi kejebak hujan;1
3;Gojek;titik perjalanan lemot di map nya jd sulit melihat lokasi supirnya udah sampai dimana pdhl sudah di update ke versi terbaru tapi msh lemot aplikasinya tolong diperbaiki lagi;0
1;Grab;sudah daftar malah ada bacaan tindakan tidak wajar mesan saja belum aneh bin ajaib aplikasi sangat susah untuk mencari driver saya coba pengguna gojek atau max;0
3;Gojek;saya mengadu tentang trf qriss kenapa akun saya tidak bisa buat trf qriss katanya akun di nonaktifkan saya chat gojek tidak ada solusinya gimana caranya biar aktif padahal akun saya gak pernah di buat macam2 dan akun saya belum lama buatnya;0
5;Grab;sebaiknya update data driver melalui satgas di wilayah tasikmalaya dan ciamis karena di temukan tidak sesuai plat nomor kendaraan driver terima kasih;1
1;Gojek;kenapa klo pesen gocar selalu di cancelx ud dlm perjalanan di cancel sama driver mau pake hemat atau tidak sama aja apa karna ongkosnya murahparaah;1
1;Gojek;udh d update ngapa susah d buka si pdhl sinyal normal terus slot sama aceng meresahkan tolong hapus program nya enggak enak kalo pesen ke driver nya padahal saya bayar full ke driver nya malah goceng;0
3;Maxim;tolonglah untuk driver maxim kalau lagi makan atau apalah matiin aja aplikasinya kaya gini saya sdh nunggu divernya taunya lagi makan kan kaya gini saya dibuat telat kerja;1
5;Gojek;tolong dong bukak kan aplikasi go patner saya biar bisa kembali seperti biasanya terima kasih salam gojek;0
1;Maxim;jadi spg maxim ngasih kode voucher pku1 mayan ya waktu di gunakan malah drivernya gak terima dih gak guna mending pindah aja deh pake aplikasi gojek aplikasi maksim penipu;1
5;Gojek;gojek sangat mempermudah dalam hal transportasi dan juga yg lain sering pakai transaksi apapun di gojek dari mulai bayar tagihan transportasi dan pembayaran lainnya mudah dan cepat;1
5;Grab;alhamdulillah kebantu bgt sm grab car dpt pramudi ya yg baik membantu perjalanan saya yg belum paham bgt lokasinyathanks pak pramudisehat selalu;1
1;Gojek;smua psaing mu itu ga perna naikin tarif pas hari penting cntoh hari raya dan hari besar ca elu doang jek yg ga waras mntang2 hari besar tarif naik seenak jidat dikira cust lo tu orang bduit smua apa gmn b1 utk apk ampas;1
1;Gojek;banyak driver yang alasan gaada kembalian ini sangat merugikan customer khususnya para mahasiswa dan juga wisatawan tolong hal ini diperbaiki dan di edukasi untuk para driver nya dan diberikan pelanggaranfitur lapor bagi driver yang melakukan tindakan seperti ini;1
5;Gojek;trimakasih buat driver udh ramah baik lgi tambah lgi biaya nya murah di apk gojek ini saya seneng bgt sumpah;1
1;Gojek;login harus verifikasi muka aneh banget daftar pakai ktp aja belum pernah disuruh verifikasi muka lapor juga gabisa seribet itu kah login gojek sekarang balasan untuk admin login ae kaga bisa min gimana klik tombol bantuan;1
1;Gojek;map nya terlalu kacaukasian driver nya kalo cara nya sprt ini bos maaf aku kasih bintang 1 tlg diperbaiki kembali;1
2;Maxim;lama nya minta ampunnn driver nya mandi dulu lah minta tambah piti tapi lambat ampun deh;1
5;Gojek;saya merasa sangat terbantu dengan ada nya kamu si hijau setiap aku membutuhkan perjalanan kemana pun kamu selalu ada;1
2;Grab;tolong kalo saya dapat driver yang harus melakukan perhentian dulu saya bisa chat juga karena kadang ada driver yang main cancel tanpa komunikasi sudah lama nunggu eh di cancel ngeselin;1
5;Gojek;sampe sekarang masih keinget pas pesen go car mo ke rumah sakit pas mo di bayar ga mau driver nya baik makasih dah membantusehat dan smoga rejeki berlimpah untuk jenengan pak sopir;0
4;Gojek;kenapa ya apk ini sering gak bisa didownload padahal apk ini bagus tolong pihak gojek di perbaiki;1
4;Gojek;waktu di aplikasi sering tidak sesuai dengan waktu aslinya padahal pakai gojek express tapi lama nya sama dengan gojek reguler;1
1;Gojek;bukannya memeberikan yg terbaik buat pengguna malah pengguna diperas dengan adanya fitur pencarian driver jek jek;1
3;Maxim;maxim sukabumi banyak yang nawar dari harga yang ditentukan mohon diadakan penilaian untuk driver lebih rinci agar tidak ada oknum seperti itu lagi;1
5;Gojek;sejauh ini kalau urusan ojek online pakainya masih gojek karena saya pemalas buat cobacoba yang lain ya udah deh nggak pernah gantiganti sejauh ini belum pernah dapat pengalaman buruk bismillah dan semoga terus begitu;1
1;Grab;tolong turun kan ongkos terlalumahal dan selalu update lokasi bannyak lokasi yang tidak keluar di pencarian padahal gps aktif;1
5;Gojek;assalamualaikum sy sdh lama gunakan gojek online bnyknya dari pd nya kl toh ada nya hny 1 saja krn tdk ada apapun yg dibuatdilakukan hambanya bs aamiin yra;1
1;Maxim;drivernya kalo dapat oderan malam selalu ngancem ke castamer daerah jatiasih sekitarnya mau di ramein ama driver maxim sampai mau di ramein ke rumah castamer nya tolong pusat maxim di tindak lanjutin daerah jatiasih sekitarnya;1
5;Gojek;agar tak kalah sama aplikasi sebelah saran aja ni radius pioritas 115 km cs masih sanggup nunggu dan buat driver bensin ga boros;1
3;Gojek;hai gojek saya meminta tolong munculkan fitur hapus riwayat transaksi karna saya merasa sangat dirugikan akibat riwayat transaksi saya dilihat setidaknya buat hapus riwayat transaksi lebih sulit seperti harus verivikasi sidik jari wajah atau sebagainya tolong ya gojek saya sangat meminta tolong;1
1;Gojek;admin gocar nya ngasih nya yg jauh jauhwkwkkw mbok ya ngasih itu jgn yg jauh jauhkasian ke driver nya dan penumpang juga butuh waktu maaf bintang 1 buat aplikasi ini;1
5;Grab;sangat membantu ketika tidak tahu arah jalan perjalanan yg mengasikkan pengemudi yang ramah dan sangat membantu yang mengerti navigasi dan arah jln;1
5;Grab;trmksh grab sudah membantu perjalanan kami terus tingkatkan layanan supaya pelanggan bisa nyaman aman ditunggu diskon2nya;1
1;Grab;aplikasi grab driver nya pada kenapa sih suka cancel semua ditungguin lama jg gamau cancel tpi ga dtg bikin emosi semua akhir ini drivernya;1
5;Maxim;puas bgt pake maxim tengah malem butuh ojek yang lain susah buat login bertele2 maxim lgsg bisa pesan driver lgsg dpet tanpa tunggu lama drivernya good bgt dan buat mantau posisi drivernya juga keren bgt ngerasa aman saat mesenin org terdekat ojol dari maxim;1
1;Grab;apk bobrok capek bgt kalo mau cancel dipersulit bgt padahal lg laper tapi dikerjain sm toko yg ternyata udah ttp sama driver yg slowresp;1
1;Gojek;masa uda bayar gabisa mengajukan kembali dibekukan 1tahunn parahh bgtt tolongg diubahh kebijakannya pdhal saya penguna lama digojek merasaa kecewa sekarang;1
1;Gojek;apk ini makin lama makin ga jelas khususnya di drivernya semua pemalas sombong dekil kaya orang ga niat cari rejeki heran;1
5;Gojek;sedih tiba tiba gak bisa di pake aplikasi nya karena terdeteksi pemakaian yg tidak biasa alasannya ga jelas kurang terperinci padahal selama ini gojek sangat membantu;1
1;Gojek;daftar baru nya sungguh ribet dan ngeselin masukin no telp via whatsapp atau sms giliran di buka no otp nya aplikasi gojek nya keluar lagi gak jelas;1
3;Grab;tolong rute perjalanan lebih diperhatikan ngga jarang driver justru diarahkan melewati rute yang jauh sampe ada yang muter;1
5;Gojek;saya pengguna gojek sudah 7th terimakasih gojek telah mempermudah keseharian saya note tolong ditingkatkan lagi keramah tamahan drivernya ya;1
4;Gojek;nyari bokingan lama padahal driver nya lagi pada nongkrong ramean masa kaga ada satupun yang di acc;1
1;Gojek;yang minta cansel siapa yg kena blokir siapa oon banyak2 driver yg dekat malah d kasih yg jauh terus;1
3;Gojek;susah dapat driver di area malang timur tolong di tambahin lagi driver untuk kota malang admin;1
3;Grab;kasihan driver kena potongan nya gede banget tolong lah kasihan ke mitra driver nya tolong di perhatikan kesejahteraannya;1
1;Gojek;sangat sulit mencari driver saat jam 5 pagi jadinya telat mau sekolah dan sekali nya dapat driver pasti dikasih nya driver yang posisi nya jauh banget dari kita mohon kepada pihak gojek untuk memperbaiki ini karna ini sangat menggangu aktivitas sehari makasih;1
5;Grab;driver sangat membantutapi kasian omset buat driver terlalu kecil semoga pihak grab sering kasih bonus buat driver;1
1;Maxim;perbaiki drivermu masak banyaknya driver terdeteksi satu pun tidak ada yang mau ambil padahal sudah di up 10000;1
1;Gojek;uninstall gojek terlalu meras mitra modal aplikasi ngeruk keuntungan dari mitra sebesar nya ngadain promo voucher membebankan mitra nya aplikasi yang sangat melanggar aturan asas kemanusiaan kiamatmu karna hematmu;1
5;Maxim;sejauh ini saya dapat driver yg baik ramah terimakasih untuk para driver maxim atas pengalaman hidup yg sangat berarti skali lagi trimakasih;1
5;Gojek;update peta nya bagus kl ada peeubahan lgsg di apdet peta nya drpd app sebelah cmn promo nya kurang ya terus diperbaiki ya gojek;1
5;Gojek;suka banget sama gojek bahasa nya ngga baku jadi seneng pesen apapun di gojek kalo boleh adain diskon ongkir setiap hari hehehe;1
5;Gojek;murah drivernya ramah dan sesuai sop tolong di tingkatkan perhatian kepada para driver karna mereka pejuang nafkah untuk keluarga;1
1;Grab;bingung deh soal algoritma program ini paramernya gimana ya seharusnya jika tidak mendapatkan driver sesuai dengan tenggat waktu harusnya batal lah kalo sampe nunggu sampe dapat driver nunggunya kelamaan;1
1;Grab;akun grab nya tibatiba keluar dan tidak bisa digunakan pdhl saya udah mesen grabcar gabisa cek lokasi driver udh sampe dimana;0
2;Gojek;gojek belom mampu buat titik map yg benar aplikasi masih bodoh banget ngawur terus selisih mulu sama driver gara gara apk gojek;1
1;Gojek;udah sejam nunggu pas dapet driver diem lama gk chat terus cancel gitu terus udah satu jam;0
5;Gojek;slama ini gojek selalu membantu sy dng kecepatan dan ketepatan waktu jarang mbleset dan para drivernya amanah tengkyu gojek;1
1;Gojek;jelek bngttt sumpah kalo ujan driver nya pada manja kalo dapet nya juga pada minta di cancel kecewa banget padahal saya pengguna lama loh gimna sih;1
1;Maxim;driver mobil mxim pads gak profesional apa lagi klo ujan apa lagi jauh deket aja gak mau ambil malah ngomonhin tarif klo mau mahal jangan di maxim pelanggan juga ngerti klo drivernya bener ma aplikas telek;1
1;Gojek;uda 4x download apk gojek pas vermuk selalu gagalsmpai bosen q download hapus download hapus smpai 4x mau masuk aja kok susah skli;0
3;Gojek;saran untuk kemajuan di 2025 tambahkan fitur pilihan khusu gojek perempuan supaya kami ibu ibu kalau mau pergi boncengnya nyaman dengan sesama wanita lebih mahal yo gak papa kalau milih gojek wanita karna kami cari kenyamanan;1
5;Gojek;biaya pantas driver baik sabar ramah cepat supel mobil bagus;1
4;Gojek;peta di aplikasi masih sering delayed jadi untuk memantau kendaraan yg dipesan menjadi sangat sulit sehingga tidak bisa untuk membantu mengarahkan driver agar tidak kesasar;0
5;Grab;saya memakai grab sudah lama sekali selama ini okok sajatapi saya tidak pernah suka kalo driver cewe karna sangat tidak sefty dalam mengemudi dan pemilihan rutecara mengemudinya sangat sangat membahayansaran saya klo stiap pesan grab kalo bisa jangan kasih cewe;1
3;Grab;tlong dong yg tau gmn caranya pembayaran tunai ga bisa dipakai dicoba berulang kali ga bisa itu knp ya;0
1;Gojek;saya sangat kecewa sekarang pencarian driver mobil xl sangat susah banyak tanya brp orng kalau di jwb 5 langsung minta cancel padhl gocar nya tipe xl;0
5;Maxim;terimakasih abang udah anterin bapa saya abang nya ramah dan humoris lancar terus rezekinya bangg;1
1;Maxim;di mohon yaa maxim lebih di perbaiki lagi saya udah terlambat mau ke kampus ehh maximnya mencari pelaksana terdekat udah 2 jam saya nunggu minimal bgusin lagi kek saya ksih bintang 1;0
1;Gojek;gojeknya bagus tapi rekanan pinjolnya yg sangat tidak ada etika dalam penagihan baru telat sehari tapi cara nagihnya sudah seolah olah nasabah tidak mau bayar padahal sudah cicilan kedua dari 3x cicilan dengan cara menakut nakuti nasabah;1
1;Gojek;menurut pendapat subyektif kami pihak pengelola app ini memperlakukan kami dgn diskriminatif dan tdk memberika pelayanan yg terbaik seprti costumer lain semoga masukan ini dpt menjadikan bahan evaluasi demi kemajuan app ini semoga driver dan costumer yg membaca ini selalu sehat dan sukses;1
1;Grab;klo driver grabcar jngan seenak nya dong udah nunggu lama selalu di cancel sma driver nya seenak nya sajaa selaluu gtuu;1
1;Maxim;aplikasi tidak d sertai laporan darurat sehingga sulit untuk melakukan pengadun atas tindakan pelanggaran yg mungkin di lakukan driver2 nakal;0
5;Gojek;bagus sih sebenernya cuman tolong ya mohon untuk mengerti dengan para buyyerdriver dan yang lainya jika ada yang mengkritik dengan baik untuk kepentingan kita semua mohon di responya untuk developer jadi jangan diam saja seperti robot yang kehabisan baterai;1
2;Gojek;drivernya songong udah nunggu setengah jam pas mau dket lokasi penjemputan malah di batalkan lagi buru malah di batalin terus kalau ga niat jadi driver gausah deh;1
3;Gojek;bagus sih tapi manusnya gak semua kota ada gojek contohnya samosir tempat ramai gitu kok belum ada gojek;0
5;Grab;hallo grab terima kasih untuk diskonnya yg banyak ini cuman map nya di di perbaiki karena driver sdh sampe di depan rumah tqpi d map driver masih d setengah jaln;0
3;Gojek;min tolong ada kan gojek donk apa gocar didaerah entikong soal nya gak ada satu pun gojek disini tapi kalau ada pasti laris soalnya belum ada satupun;1
2;Gojek;aplikasi bagus driver aja yg gk jelas pd suka cancel heran banget kalau kagak mau kerja y gk usah di aktifkan akunnya di cancel mulu buat gojek di seleksi lagi drivernya;1
5;Grab;alllhamdulilllah ramah banget dan mau menolong penumpang nyh bangus banget makasih pak udh mau menolong keluarga ku;1
5;Gojek;sejauh ini saya menggunakan gojek c baik saja yah dan saya harap kedepannya bisa semakin baik lagi;1
3;Maxim;min mohon bantuan nya saya tidk bisa login ke akun taxse driver sayasoalnya nomer hp sya sudah tidak aktif;0
5;Maxim;murah cmn lebih nyebelin dr gojek kalau ga mau nerima jgn d terima udah nunggu driver g gerak2;1
1;Gojek;udah 2 minggu gagal vermuk email sampe penuh laporan gojek semua mau traksansi susah di email gada penyelesaian yg pasti balesnya gitu2 aja konyol;0
5;Maxim;bpknya sabar dan baik menunggu ank sy yg jauh dr kotake bekasi muter2 nyari ank driver yg handal top bgt;1
5;Gojek;sangat membantudi saat mau pergi kemana2 pas lagi ga ada kendaraan d rumah tarif nya terjangkau;0
1;Gojek;sering banget driver gocar minta di cancel yang rugi kita nunggu lama dan dia yang ga mau pickup kalau customer cancel kita dapetnya lagi makin lama kebiasaan harusnya yang minta cncel ke customer itu kena banned tolong kasih optional biar tidak merugikan customer;1
1;Grab;akibat fiturnya pelayanan jadi gak ramah saya cuma telat satu menit ngambil garagara dipanggil dulu malah dimarahin sama ojolnya depan orang ramai;1
2;Gojek;kak kok gabisa dibuat pesenpadahal baru download tabnya ini harus nya masih support app gojek baru pesen 7 tahun lalu pesennya tolong bantuannya waktu masuk app gojek malah putih doang;0
5;Maxim;ongkos murah tapi drivernya aneh2 minta di cancel begitu di cancel ternyata drivernya datang mintanya offline saja;0
5;Grab;pernah dapet driver namanya ardiansyah dari bandara menuju apartement kalibata driver nya baik sekali ramah dan sangat membantu;1
1;Gojek;aplikasi boncos tarif minimum sudah menyentuh 10200 untuk layanan gocar kau kira apaan mobil pribadi kau hargai segitu jek mafia bgt kau aplikasi laknat;1
3;Gojek;padahal udah lama pake iniiii syg banget beralih ke sebelah karena saya sebagai pengguna lama makin lama malah makin mahal tarifnya mungkin bisa kasih pengguna lama voucher sekali teman saya yg baru pakai dapet voucher besaran mungkin marketingnya emg gitu yaa sedih aja sii;1
1;Gojek;aplikasi gak guna masa waktu hujan pesan gojekgocar gak dapat padahal di map ada lho gojekgocar yg gak jauh dari lokasi pemesananku bener aplikasi yg gak guna;0
5;Maxim;orangnya ramah dan sosialnya sangat tinggi dijamin puas bagi kalian kalo ketemu driver kayak mbaknyamakasih mbak;1
1;Maxim;biaya di aplikasi 25k pas sampe jd 29k di aplikasi drivernya isi e wallet lama masuknya isi 26k yang masuk cuma 22k dan ini perdana nyoba maxim tapi kesan pertama langsung bikin kecewa;0
1;Gojek;dapat driver sangat lama layanan cs ga guna estimasi waktu saat tidak ada driver juga tidak berubah dan tidak berguna seenggaknya baikin dulu lah sistem nya buat kenyamanan customer;1
4;Maxim;baik sih cm apapun rutenya harusnya legowo berjuang jgn ngedumel dulu jln sempitlah bnyak kelok lah padahal kami siap byr lebih untuk itudan jalan sering dilalui car online;1
4;Gojek;udah lama langganan gojek dan puas sayang sekarang tarif mahal dibanding aplikasi lain smoga pelanggan setia sering dikasih bonus;1
1;Gojek;liatt baik baik anjeeeng tujuan ga sampe sekilo masa ongkosnya sama dengan jarak yg 5 kilo kalo kek gini siapa yg mau pake goride mending gocarr lah selisih cuma 3 rebu;0
1;Gojek;tolong evaluasi mapgps dari tadi saya dihubungkan dengan driver yang jauh melulu udah lebih dari 10 kali;0
5;Maxim;aku pakai maxim dari awal smp kurang lebih udah 4 tahun bagus banget drivers nya juga baik baik;1
1;Maxim;driver tidak sopan berbicara tidak sewajar nya ngejugde saya dengan sebutan buta padahal saya sudah nunggu 20 menit mempermalukan saya di tempat ramai bentak2 sangat kecewaaa padahal sya pengguna maxim cukup lamaaa tapi ini benar2 kelewatan sangat tidak rekomen;1
2;Gojek;ini gojek kenapa ya sekarang saya pakai akun baru biasanya suka ada voucher tapi voucher goride sekarang tidak ada tapi giliran saya beralih ke gocar ada 2 voucher tapi pas giliran saya buka voucher ternyata tidak ada voucher apakah bug tolong di perbaiki lahi;0
1;Gojek;bayar mahal tapi banyak driver bilang nerima cuma 5 rb pesen goride driver depan mata banyak yang online dapatnya jauh jauh terus gojek gojek makin tidak fungsional;0
1;Gojek;mohon maaf pindah ke toko sebelah selisihnya lumayan skrg gojek harganya naiklebih mahal dari toko sebelah padahal sering bgt pake sehari pp pake ojek terus;0
1;Gojek;gila harga aplikasi sebelah jauh lebih murah dan ramah disini harganya edunn banget diskonnya sedikit padahal udah lama banget pake gojek setia sekali;0
1;Gojek;pembelian ga bisa dibatalkan padahal sudah minta bantuan beberapa kali ke gojek dan alasannya sama dan tidak masuk akal;1
1;Maxim;driver maxim pada jorok udh sesuai titik bilang ny gk sesuai titik giliran dikasih tau aplikasi customer mla driver nya diem;1
2;Grab;saya boking driver tertera di aplikasi harga sampe tujuan cuma 16 ribu untuk 3 orangsudah smpai tujuan dimintanya 30rbu katanya per orang 10rbu andai aplikasi ini bisa ters kejujuran manusia yg jdi tukang drivernya apalah daya mau minta tolong sma siapa;0
4;Gojek;kadng cepet pdsan gojek tp kdng klo udh samapi krena bawa ank suka ditolak ojol kadang suka sebel am gojek menfing maxim;1
5;Gojek;senang banget naik gojek seru dan menyenangkan terima kasih gojek sering kasih promo promo banyak banyak ayo cobakan gojek kawan kawan seru dan dapat promo;1
5;Maxim;klo untuk maxim motor sih udh mantaap banget tapi klo untuk maxim mobilnya kurang baik kadang milih argo dan jarak penjemputan suka banget di cancel ga jelas dari drivernya harus di perbaiki lagi jasa maxim untuk driver mobilnya;1
1;Gojek;gojek ngebug pesen malah gak keluar notif histori gak keluar map driver ga ada cuma keluar transaksi uang;0
5;Grab;dlu saya pernh memakai aplikasi gojek dan bagus pelayanan sekarg saya mendownload nya lagi karena dlu hp syg hilang;1
1;Gojek;ada pilihan jemput di lobi tapi supirnya g ada yg mau ke lobi semakin turun rating ada pilihan 2 tujuan di aplikasi tapi saat dibandara juanda katanya tidak bisa 2 tujuan;0
1;Gojek;tolong turun kan ongkos akhir akhir ini ongkos gojek samgat mahal jika sepi penumpang sekarang itu wajar karena terlalu mahal;1
5;Maxim;baaiikkk bgt bapak nya ramah juga lebih murah aplikasi ini dri pada aplikasi ojek yg lain;1
5;Maxim;pelayannnya mantep aku pengguna gojek beralih ke maxim overall aku puas banget sama pelayanan di maxim;1
1;Gojek;kasian bgt upah driver nya cuman di bayar goceng alias 5rb padahal sya bayar 22 rb ongkir kapitalisme bgt aplikasinya ga manusia wi potong an ke drivernya hampir 75 bukan 20 pa sehancur ini kah;1
1;Grab;tarif mahal tidak sesuai dengan kendaraan yang bikin tidak nyaman kotor dan ac panas mau cari alamat juga tidak lengkap;1
1;Gojek;sedih akun saya di tuduh penyalahan promo promo pada akun saya hilang padahal teman saya hanya login melalui ponsel dan aplikasi gojek di hp saya memesan makan seharusnya itu tidak masalah karena saya tidak ada membuat akun lain dan hanya punya satu akun;0
1;Gojek;b1 menyala bos qu apk gojek sekarang cuma di bikin akaln demi meraup keuntungan yang besar sudah tidak meningkatkan pelayanan dan hanya bisa memeras driver nya sudah tidak pantas di sebut gojek karya anak bangsa;1
5;Gojek;kalo gk ada gojek mungkin akan selalu kejebak macet dan telat masuk kerjatpi semenjak pakai gojek aktifitas lancar tidak pernah terlambat kerja lagi terimakasih gojek;1
1;Gojek;lebih di seleksi lagi drivernya yang bisa mikir punya attitude sopan santun kasi pinalty yang batalin sepihak tanpa ada konfirmasi;1
5;Grab;akhir ini sy kalo pesen grab dikasih pengemudinya yg jauh bgt udah gitu pencariannya lama bgt jd selalu buat sy telat kerja dan dipotong gajinya;1
1;Grab;dikasih driver yg jauh terus sedangkan driver grab di sebrang jln banyak ga ngerti lgi sama apk ini;1
1;Maxim;nyoba sistem maxim wallet isi untuk pertama kali menggunakan bank sebesar 30000 outputnya yang keluar malah 27000 ini siapa yang ngambil dalam keterangan cara pembayaran tidak ada biaya admin dan lebih parahnya lagi banyak drive yang menolak menggunakan maxim wallet dengan alasan sistem sedang eror;0
2;Maxim;saya memberikan laporan beberapa hari lalu terkait pelayanan driver tapi belum ditindak lanjuti sampai hari ini kenapa;0
5;Maxim;sangat membantu juara sekali ramah pertahankan driver seperti ini si saat yang lain minta cancel minta tambahan biaya yang ini malah nggk mau si bayar karena sama2 jualan online juga;1
1;Gojek;males ngawur email 30 akun keterangan udah dipakai semua padahal gak pernah nyentuh gojek sekalinya login dulu gak pake email malah kepakai email punya orang benerin gak;0
1;Gojek;aplikasi yang tidak manusiawi ke driver kami pelanggan bayar full tapi yg di terima driver cuman 5000 ribu dan potongan driver mencapai 50;1
4;Maxim;tolong di perbaiki tarifargo nya agar adil buat driver dan juga customer dan juga perbaiki sistem maps nya agar mudah di pahami;1
1;Gojek;makin kesini makin buruk kualitas pelayan tidak sebanding dengan harga yang di bayar dan lebih parahnya driver ternyata yang di terima jauh bedanya dengan yang di bayar;1
3;Gojek;knp klo pesan gocar ad diskon pad nd sopan tolong yg nd sopan dan suka cancel customer seenaknya di tegur;1
2;Gojek;gw pengguna gojek udah lebih dari 2 tahun baru kali ini 3 bulan berturut kagaada voucher sama sekali kalo kaga beli padahal tiap hari gw selalu pake gojek lohh admin ayo mana kode promonya masa iya 3 bukan kaga ada promo sama sekali;0
1;Gojek;udah mahal cari driver susah trs bnyak driver yg kurang sopan akun saya udah jadi ank sultan karena saking lama dan seringnya saya pke gojek stelah hapir 6 thnan saya putuskan untuk pindah ke grab krna udah ga enak pke gojek;1
3;Gojek;suka bngt pake apk ini hanya saja pasti di pihak gojek sudah ada data mobil atau motor driver tolong jika pelanggan pesan comfort atau xl ya yg beneran jangan malah dikasih yang ga sesuai atau yg kecil sedikit kecewa tentang ini;0
2;Gojek;terlalu mementingkan custumer suami g bisa narik seminggu krn bintang 1 customermemang kita seminggu g mkn g jajan apa anak2 tolong dunk gojek jgn main suspen minimal ada diskusi dl;1
1;Maxim;terlalu banyak kecewa nya pergi ke tempat wisata padahal deket dari stasiun ga ada yg pick up padahal di maps nya banyak driver;0
4;Maxim;tolong buat sistemnya agar bisa memblokir driver agar tdk ketemu lagi dengan driver yang di rasa kurang sopan;1
3;Gojek;hai min saya mau komplen kenapa yaa sekarang gojek tuh susah bgt dpet drivernyaa ga kayak dulu langsung cepet dpet sekarang bahkan sampe 30 menitan dpet drivernyaa mohon diperbaiki untuk kendala ini terimakasih;0
4;Gojek;bugs apk nya perbaiki donk udah 3 kali kejadian yg jemput nya doubel kasihan driver nya;0
2;Grab;driver cancel didepan mata saya saat di lobby bahkan saya sudar teriakteriak memanggil driver tersebut dibantu dengan orangorang sekitar saya yg menunggu jemputan juga ntah ada konsekuensinya atau tidak dari pihak grab;0
3;Gojek;sepertinya dept colector pinjaman online sudah mulai memakai fitur chat gojek untuk menerror pengguna akunjujur saya memang menggunakan peminjaman online jatuh tempo 3 hari lagi tapi seperti biasa sdh ditagihsekarang dc sudah mulai menggunakan fitur chat gojek;1
5;Gojek;gojek sudah lebih baik dan oke thank you buat promo2 nya gojek jaya terus dalam melayani konsumen dan mitra;1
2;Gojek;kenapa ya saya kalo pesen selalu di cancle sampe 5x loh udah buru buru tolong ya ini gojek;0
5;Grab;selama ini sy pakai grab sih oke2 sj hanya saja tolong perbaiki di map nya untuk rute perjalanan tolong diarahkan ke jalan yang benar yaa jangan diarahkan ke jalan alternatif di map nya dan berikan banyak reward buat pengemudi kan dipotong ongkosnya uda gede;1
5;Grab;saya pelanggan setia grabkarna kemana2 naik grabgrab sangat membantu sy tarifnya jg tdk mahalkebanyakan sy ksh bintang 5 tp ada jg sesekali sy ksh bintang 1 sepwrti yg barusan drivernya chat saya dgn kata2 yg kurang pantasmohon ditindaklanjuti;1
3;Gojek;fitur one tap sebaiknya dihapus saja kadang kita sebagai user belum tahu jika dengan menekan tombol itu maka gojek akan langsung ter pesan yang awalnya hanya ingin cek promo jadi kepesan gojek;0
5;Gojek;jangan beri ruang untuk saingan mu jadikan dirimu nomer 1 di indonesia jek stay in gojek arahan sedikit tolong kurangi pemasukan ke kantong pribadi anda jadi senantiasa costumer lebih murah dan mendapatkan perjalanan lebih baik aman dan nyaman;1
1;Maxim;enggaakkk bangettt masa katanya mencari pelaksana terdekat tapi kok nga ada udah itu di tolak semuanya lagi;0
2;Grab;tolonglah grabcar xl nyalakan kembali karena grabcar new plus terlalu mahal bagi kita yang menengah tolong grabcar xl kembalikan dear pt grab indonesia;1
4;Maxim;tlg buatkan fitur foto shg pelanggan bisa mengirimkan lokasi akurat ke driver sprti gab dan gek kasian cari2an terimakasih;1
1;Grab;mahal kalo jauh dari kota tak ada driver grab yg punya orang malaysia mending saya pakai hijau yg sebelah;1
5;Gojek;very good tolong pertahankan tarif murah 75009500 selama sebulan itu sangat membantu kami pencari uang juga kami bisa berhemat untuk biaya transportasi;0
1;Gojek;pada apk gojek pelanggan notif chat tidak muncul yg biasanya warna merah muncul di pojok kanan atas chat kemudian pesan gojek lama betul pedahal sekitar saya pesan ada driver malah yg jauh dapetnya;0
5;Grab;aplikasi yg pengen untungnya aja tidak mementingkan driver kalo ada perusahaan lain yg mau kerjasamabisnis dengan grab paling semangat tapi liat kalo driver nya ngeluh pengen mengungkapkan perasaan selama dilapangan ehh malah pura pura ga denger dasar kacang lupa kulitnya;1
2;Grab;baru ku install langsung nyoba grabcar dapet lebih murah 10k dari apps ijo sebelah eh giliran udah jalan kok beda arah jalan nya beneran pas sampai tujuan di todong yg harga awal 80 10tol jadi 150 alasan nya macet lah di maps aja lancar gajelas;0
1;Maxim;aplikasinya lemot saya bayar pakai kaspro karena lemot masuk nya si driver minta chas jadi nya dobel bayar nya parahh;0
5;Maxim;driver sangat baik ramah penjeputan cepat bawa motornya halus sangat nyaman berkendara dgn maxim;1
1;Maxim;nggk pernah dapat driver yg dekat selalu yg jauh padahal diseputaran saya byk yg dekat driver nya;1
1;Gojek;goride hemat jangan di taro bawah dongtaro paling ataskalo orang yg gatau ngiranya goride hematnya gaada;1
1;Grab;semakin lama semakin ga jelas promo tersedia kok mau cari menu yang lain promonya hilang anehh tolong diperbaiki;0
3;Grab;tolong dong grab beberapa kali pesen grab motor slalu ga bergerak dari titik awal di chat pun ga ada balasan dari driver mau ga mau batalinlebih dari 10 menit nunggu perbaiki dong kualitasnya maps juga sulit buat di zoom;0
1;Gojek;gojek sekarang mtrnya kadang ga sesuai dengan yg dia pake dan yg dia daftar di aplikasi l kadang ada mtr yg maaf kurang layak buat dipake tapi tetap dipake buat narik bukannya saat pendaftaran ada minimal tahun kendaraan ya;0
1;Gojek;gojek kalo nyewain motor listrik ke driver di cek dulu keadaan motornya layak atau engga jangan driver udah bayar untuk sewa tapi dapet motornya yg ga layak sedangkan di aplikasi yg di nilai drivernya;1
3;Grab;sy berharap dari pihak grab agar lebih meningkatkan kesejahteraan para driver karena adanya mereka perusahaan grab menjadi lebih sukses dan kaya tetapi kasihan driver hidupnya tidak ada yg sejahtera hanya menguntungkan pihak grab sematatdk peduli nasib dan keadaan para drivernyahidup ojol;1
4;Maxim;peta belum real time saat penentuan lokasi tidak ada titik lokasi sayapenumpang jadi penumpang mengarahkan titik secara manual dan bs berpotensi salah titik driver ok dan ramah;0
3;Grab;berdasarkan pengalaman saya akhir ini menggunakan grab kenapa mendapatkan driver jarak nya cukup jauh ya dari titik penjemputan;1
5;Grab;grab selalu terdepan dan semoga selalu membantu driver di jalan dan stop mempersulit driver terima kasih;1
2;Grab;ini gimana sih aplikasinya saya ga bisa hubungi driver dan di drivernya kebatal padahal ga ada yang batalin;0
5;Grab;tambahin lg promo grabike buat penumpang yg tiap hr pakai jasa ojek online grab bike terimakasih;1
1;Gojek;kasih paham para pekerja nya kalo mau kerja jangan pilih pilih kerjaan banyak driver tapi di waktu tertentu alasanya yg pesen lagi rame tolong;1
3;Gojek;tarif terlalu mahal jarak dekat 25k tidak masuk akal dan jika ada promo juga susah untuk di ambil;1
1;Gojek;mau masuk akun disuruh verifikasi wajah gagal terus ga jelas nih gojek saya mau ada perlu jadi ga bisa ngapain;1
1;Gojek;biar apa coba konsumen pakai verifikasi wajah mau log in jadi gagal terus emang wajah orang ga rubah ya kalo tambah umur kacau mau transaksi di gojek jadi males ribet bye gojelk;1
1;Gojek;gocar drivernya pada jual mahal pada sombong saya sudah 4x di cancel kalau gamau nyopir jangan daftar jadi driver gocar;0
1;Gojek;susah dapet driver gocar kalo cuaca lagi hujan atau saat posisi rute jauh sebaiknya dibenahi lagi;1
3;Gojek;driver gocar terkadang susah untuk nganter konsumen dengan alasan jauh lah jemput nya sebagai nya inti nya driver tidak mau jemput tapi lucu nya saat minta pembatalan harus konsumen yang ngebatalin pada hal konsumen mau menunggu;1
1;Gojek;seharusnya nasabah jago jadi prioritas pada promo dan ongkir digojek niatnya buka bank jago biar dapat promo dan gratis ongkir di gojek tapi kenyataan sama aja kaya pembayaran yg lain;1
5;Maxim;pengemudi saputra hair ludin dengan motorcycle warna hitam nopol bp2026kb selamat menikmati perjalanan anda rating 490 bugusramahbaik;1
1;Gojek;pilihannya sih ada ya gocar hemat dll tapi kalonmilihnya hemat gak ada driver yg mau ambil giliran ganti yg prioritas langsung ada driver lawak;1
1;Gojek;tolong buatkan fitur laporan tapi anonim agar para pelanggan bisa memberikan laporan secara aman karena saya telah memesan gocar comfort tapi tidak nyaman dan sedikit tertekan terimakasih atas perhatiannya;1
3;Gojek;apk nyaa sulit untuk ke adaan kita lagi darurat tapi kalo lagi santai apk nyaa bgus tapi setiap kita membatalkan harga gojek atau goride menambah;1
3;Gojek;disaat lagi butuh banget susah sekali cari gojek padahal udah dari jm 6 pagi ni udah jam 8 ga ada sekali kesel;0
1;Grab;udh ditunggu dari jam 5 ga otw otw driver nya akhir nya pas udh mau buka minta dibatalin lol;1
4;Gojek;bintang 4 dulu yah kadang kalo ambil gojekgocar hemat driverrider pada ga mau pick up kalo memang tidak menguntungkan untuk para mitra ya ga usah ada gocargojek hemat bikin sebel aja;1
5;Maxim;saya kalau sudah di banda aceh kalau pakai ojek tetap maxim cara pakai mudah biaya pun lebih murah terimakasih;1
5;Gojek;drivernya lebih banyak yang ramah dan baik hati cuma sebagian kecil aja yang ngeselin bravo gojek;1
1;Gojek;jika ada kendala dg driver solusinya tdk tepat karena respon hanya berupa bot sementara permasalahan tdk tercover dlm solusi yg diberikan dlm percakapan bot;0
1;Gojek;sistem terlalu ribet buat nyari driver yang cepat harus bayar tambahan lagi kalau tidak mau nunggu untuk dapat driver sama 10 menit lebih lamalama makin mencekik user ini aplikasi;0
1;Maxim;ga usah kasih menit kalo driver gabisa dateng sesuai menit an sebel mana driver ada yang ga jujur teruss nyebelinnya itu kadang ada driver suka marah marah dari admin maxim juga slow res bgt;1
1;Grab;kl grab car atau bike tlg jangan kasih driver yg posisi macet parah masa penumpang tunggu in 2 jam nga masuk akal woi tlg di perbaiki;0
2;Gojek;pas lagi hujan walau cuman gerimis doang susah banget dapet driver gojek udah gitu jauh semua posisinya;1
5;Maxim;baru pertama x pakai maxim udah dikasih bonus kereeen maxim sukses selalu buat para driver;0
5;Grab;selama ini aman aman ajacuma kadang suka sebel klw pas masuk grab carkecium bekas driver habis ngerokok nafas jdi sesakgk nyaman jadinya dan ini sekarang kenapa aplikasi saya gk bisa bukaudh bbrp harieror terus;1
5;Grab;menyediakan pelayanan publik yang menyenangkan baik driver yang ramah dan armada baik tetap semangat sukses berkah bagi semua;1
4;Gojek;aplikasinya sangat membantutapi tlnglah jarak jemput jangan terlalu jauhkemarin saya pesan khusus penumpang drivernya minta di batalin karena jaraknya terlalu jauh mau nggak mau ya harus saya batalkan;0
4;Maxim;tolong pemilihan driver nya lebih diseleksi lagi laah orang tua atau aki kalo bisa dihold dulu udah 2x ngalamin dapet orang tua jalanya lelet ngantukan kagetan pula;0
5;Maxim;pengemudi ade humaedi dengan motorcycle warna hitam nopol a5900nl selamat menikmati perjalanan anda rating 495 asik di ajak berbicara sopan dan ramah;1
3;Gojek;maaf mau nanya baru daftar gojek kok tiba tiba nama nya sama email nya bukan punya saya yah padahal nomor hp nya nomor saya yang tahu kenapa tolong bantuannya terimakasih;0
5;Grab;jalan dari kost ke kantor udah selesai di cor tapi ini tarif nya masih tarif lama yang muter tolong dong di update;0
1;Maxim;driver pilihpilih pembayaran menggunakan ewallet tdk ada yg mau tpi klo pke tunai minta lebih susah juga nyari driver yg mau jemput alasannya jauh terus minta naik harga;1
2;Maxim;maxim ini sudah bagus apk nya tapi tolong demi kenyamanan bersama di perbaiki lagi titik lokasi nya driver suka marah sama saya karena titik tidak sesuai ujung ujungnya saya harus memberi biaya tambahan karna tidak sesuai titik;0
1;Gojek;sangat kecewaa dengan sistem pembatalan pembelian yg sudah di klik tapi tetap diproseeess semogaa lekas bangkrut gojek;0
1;Grab;tolong yaa buat perekrutan driver nya cri yang benar benar punya akhlakyg saya dpat driver nya selalu yg kyk ga berpendidikan ga tau atitude dalam bekerjaga profesional;1
3;Maxim;lambat sudah naikin harga pun tak da yang mau jemput sye dikota besar pun mcm tak da driver yg mau ambik;1
1;Gojek;gojek sekarang kacau tidak manusiawi banget potongan harga nya miris driver2 sekarang banyak yang ngeluh karena potongan nya pelanggan bayar gede tapi masuk ke driver miris kasian;1
5;Maxim;baik sekali drivernya ramah tidak sombong sangat membantu terimakasih banyak ya pak semoga kebaikannya di balas oleh allah;1
1;Grab;tarif grabbike atau grabcar tanpa hematterlalu mahalsdgkan tarif di aplikasi driver ternyata sangatlah murahadilkah andamemberatkan pemesanmenyulitkan drivermenguntungkan andadrpd demikian kenapa anda tidak buat sistem tarif dr jarak driver brangkatkasian drivertengah mlm malah makin murahmikir;1
1;Grab;bug di apknya minta ampun tiap msk apk slalu lodingnya lama ngeleg parah sampe buat hp saya kayak error mau jawab pesan dari driver aja bikin susah ini engga ad mau perbaikin ap;1
1;Gojek;kirain cuman saya ajah ternyata banyak juga yang komplain dikasih driver yang jauh pantesan ga kasian sama driver dan pelanggan sekalian kasih driver dari pulau seberang;1
5;Gojek;saya pribadi sudah lama pakai aplikasi inidan sangat membantusukses buat gojek dan pertahankan layanannyasukses buat gojekdan drivernya pada sehat semua dan semoga rezeqinya ngalir terus yasemuanya terimakasihdan tetap semangat;1
1;Gojek;alogaritma mu benerin masa ada driver deket malah di kasih jauh lokasinya ga semua orang mau nunggu ya;1
1;Gojek;parahpesen goride skrg mahal jrk ke rmh cm 4 km 18 rbu biasany 10 rbuskrg g ada lg voucher utk pnumpang voucher hny brlaku bgi yg memiliki kartu kredit sgla bank;0
1;Gojek;kalau perusahaan yang banyak menipu hasil driver dan pembayaran nya dan bayak melakukan kecurangan biaya kepada customer akhir nya buat app pun seperti di kerjakan oleh tangan haram makin hari makin tidak becus semua kerja karyawan dan teknisi perusahaan goto;1
5;Grab;saya mesen tunai bayar juga k drivernya tapi ada keterangan bayar nontunai agar bsa menyelesaikan pemesanan berikutnya padahal uda bayar;0
5;Gojek;bagus aplikasinya driver goride selalu bagus pelayanannya cuma minus driver mobilnya aja kebanyakan kayak minus attitude;1
1;Gojek;kebanyakan di cancel rata rata gojek ad yg ngebales chat tpi ujung ujungnya ttp di cancel setelah 35 menit buang waktu;0
5;Gojek;saya sangat suka pakai aplikasi gojek tiap hari saya pakai goride untuk berangkat sekolah tapi banyakin vouchernya dong kadang saya sebagai pelajar yang tiap hari menggunakan gojek sangat menguras uang kalau tidak ada voucher murah terimakasih;1
1;Gojek;tiap pesan gocar selalu dicancel sama driver nya ngak cuma sekali dua kali padahal kita pakenya go car biasa bukan yang hemat mengecewakan sekali;0
2;Maxim;coba tolong setiap bulannya dari pihak maxim ada pengecekan kendaraan drivernya terutama mobil saya 2x naik maxim mobil dlm keadaan kotor dan bau tidak sedap gak nyaman banget rasa mual saya slama di perjalanan cium aroma didalam mobil;1
4;Gojek;agak kecewa nih sama gojek gojek kenapa sih setiap pas lagi hujan trs pesen grap kenapa banyak yang cancel klo gak minta cancel dengan alasan kejauhan rute penjemputan tolong dong gojek;1
5;Grab;selama ini saya selalu pakai aplikasi grab oke ajj ga ada kendala apa tidak ada keluhan apa kadang ada diskon hahahaa mantap semoga selalu meningkatkan kualitas aplikasi dan driver nya yg lebih penting terimaakasih;1
1;Maxim;aplikasi gak guna jangan didownload ngak sesuai aplikasinya saya mau mencari tujuan ngak keluar sama sekali tidak jelas alamatnya;0
1;Gojek;tolong jangan sakiti driver gojek dgn program2 kalianadanya kami drver adanya gojek dan adanya juga castamer kalian blunder kalau menyakiti driverbelajarlah sejarah berdirinya gojek jangan lupa belajar pakai hati;1
2;Grab;tolong lah grab mapnya di update di gojek aja mapnya terbaru ini di grab lokasi saya malah ga keliatan kesian driver suka nyasar gua harap ini bisa di baca;0
1;Gojek;promo hanya untuk akun tertentu hal ini sangat tidak adil apalagi untuk pengguna yg sudah lama menggunakan aplikasi gojek tolong untuk peraturannya diubah agar semua user bisa menikmati promo yg sama tanpa pilih kasih;1
1;Gojek;kecewaudah bayar buat langganantetep aja ongkos goride hemat nya lebih mahal dari apk sebelahhabeuuuuuuuh makin irit drmn;1
2;Gojek;knpa skrng driver sering cancel jelek banget gojek skrng sy udah dua minggu ga bs pakai goride dan go grabe cz driver sering cancel dan ga prnh dapat akhirnya cr gojek pangkalan mahal dikit tp cpt dpt ojeknya tolong d perbaiki lg pr drivernya;1
5;Maxim;pelayanan ramahmusik ok gak bikin jenuhperjalanan nyamansupir orangnya asikbaikreccomender deh pokoknyapengemudi pratama ananditya dengan toyota avanza warna hitam nopol b1539pyr selamat menikmati perjalanan anda rating 400;1
3;Gojek;sering di cancel driver tunggu lama stlh itu di cancel kenaikan harga kl driver minta cancel lumayan besar 2x driver minta cancel biaya jd membengkak tolong dong diperbaiki penghitungan kenaikan harga dan driver komitmen dlm ambil penumpang terima kasih;0
1;Maxim;untuk penitikan lokasi jemputtujuan tidak bisa nitik manual kalau ada patokan lokasi bisa input manual input lokasi sering lokasi tidak tersedia coba belajar dari grab gojek;0
5;Maxim;sangat nyaman pengemudi albar mohan syah makatita dengan motorcycle warna cokelat nopol de4395ma selamat menikmati perjalanan anda ramadhan mubarak rating 485;1
1;Maxim;tolong driver car untuk wilayah kota kendarijangan suka naik kan hargadi aplikasi maxim tujuan ke kelurahan sebelah cuma 24 800rpsampai di tujuan jadi 27 ribukadang naik hampir 10 ribukami pengguna maxim jdi ragu menggunakan maxim car;0
1;Gojek;susah dapet driver sampe pesan 2x yg pertama udah telat 20menit lebih malah ke cancel yang kedua udah nunggu juga 20menit lebih ke cancel hadehhhh;0
1;Grab;saya kecewa sekali dengan aplikasi ini di app lokasi driver sudah dekat tapi berhentistuck tidak bergerak saya sudah tunggu 2 jam tapi tdk datang akibatnya saya yang repot karena terlambat tidak efisien saya harap diperbaiki lagi jgn ada yg curang;0
1;Gojek;jadi mahal banget biasanya ke kampus cuma 9k udah make gojek plus baru sekarang jadi 13k padahal udah plus;0
1;Maxim;saya sangat kecewa dengan driver maxim yang ugalan karna menyetir ugalan apa lagi sampai pukul penumpang sangat kecewa mohon untuk pihak maxim mengurus pada driver yang ugalan agar tidak kejadian seperti saya;1
5;Maxim;mantab pengemudi prancis limbong dengan honda mobilio warna hitam nopol bp1536dh selamat menikmati perjalanan anda rating 485;1
1;Gojek;pelayanannya kemenyek kalau ada promo selalu di batalin sama drive nya beda banget sama grab gojek itu sombong orang2nya;1
1;Grab;driver nya pada jorok semuanya jgn pesan disini dan driver nya naik ugal2an kalo dijln;1
1;Gojek;harusnya kasi solusi kalau sedang susah buat cari driver jangan udh nunggu lama malah tiba tiba dibatalin karna gak ada driver harus dipikirkan solusi buat kedepannya supaya tidak merugikan konsumen;1
1;Gojek;gojek makin kesini makin gjls segitu banyak nya gojek di deket stasiun gaada yg ngambil sama sekali posisi saya lagi mau kerja buru buru lebih baik ojek pangkalan meskipun mahal yg penting sat set;1
1;Gojek;gojek goride drivernya gak ramah garagara cancel malah didatengin sambil bawa emosi sambil caci maki bahwa akunnya bermasalah sebagai customer agak trauma padahal pesannan driver belum sampe ke lokasi jemput;1
1;Gojek;sering pakai gojek malah makin mahal gmn sih ini pakai diskon bukan nya murah malah naik harga hadeh;1
1;Gojek;hilangkan menu kasih tips ke driver dr apk banyak driver ngarep udh mahal masih aja minta tips;1
3;Maxim;untuk motor bagus bgt hemat tapi untuk mobil saya sudah nunggu hampir 20 menit lebih tapi ga dapet padahal banyak driver di sekitar kalo gamau ambil ya di matiin ajh aplikasi;0
1;Gojek;tolong lah kalo ujan itu lebih cepat dicari drivernya ini malah ujan malah makin gamau drivernya;1
1;Gojek;uang saya tidak bisa balik di akun lama karena ketidak taun cara sy untuk mengaksesnya lapor tidak memberi siludi;1
5;Gojek;ketika pas tidak ada kendaraan pribadi gojek memudahkan transportasi ke tempat tujuan dg cepat terimakasih gojek;0
1;Grab;mending hapus aja grab2 hemat itu mesan grab car di terima tp didiemin ditelpon jg gak ngangkat tolong ya grab kita butuh kadang urgent jg kebutuhannya kalau ketemu yg beginian ah sudah lah;1
1;Gojek;apk payah saya nunggu hampir 2 jam ngak ada yang menerima sekali sudah di terima malah ngak mau driver nya malah katanya cari yang lain aja mas katanya gitu;0
5;Gojek;mempermudah kita yang sangat butuh transportasi dengan cepatgak perlu ribet tinggal klikgojekpun datangterima kasih sangat membantu;1
1;Gojek;setiap kali pesen gocar selalu sulit ataupun di cancel oleh pihak driver apakah pelayanan nya memang seperti ini maaf tapi driver slalu pilih2 konsumen karena nominal harga atau trip;1
5;Gojek;sangat baik n ontime pdhl malam bgt kasian tuh pak driver nyasukses trs n trslah amanah;1
1;Grab;mending grab kerjasama dengan blubet aja hemat maupun yang lain kita individu gabung di aplikasi gocar aja;1
4;Maxim;klo sudah selesai mau buka chat nya lg ko ga bs ya kira gmn soalnya sy td ada brg ketinggalan ditaro didpn motor pas turun sy lupa mungkin driver jg lupa sy tdk tau;0
4;Gojek;sebernarnya untuk apk nya bagus tapi masalahnya selalu terletak pada lokasi drivernya yng padahal bergerak tetapi di map apk tidak bergerak;0
2;Gojek;untuk saat ini kenpa tarif goride sangat mahal tolong di murahin sdikit lah biar pengguna nya ga berpindah ke apk sebelah;1
3;Gojek;boking dari pukul 3 sampe pukul 5 tidak dapat driverkenapa kalo boking sekarang lamadan sampe berkali kalimuncul keterangan wadidaw kebanyakan pencetpadahal kami tidak mencetmohon dimudahkan kembali;0
5;Gojek;bagus dan di tingkatkan lagi seperti kebersihan dan helm untuk penumpang nya lebih di perhatikan lagi kebersihan nya tks;1
3;Gojek;semakin lama semakin tidak memuaskan mudah error susah cari driver dan lama bangettt hrus berjam baru dibatalin oleh sitem;0
5;Maxim;aplikasi ojol yg memang murah sih menurutkutdk kalah dgn yg laintrus tingkatkan lgklo bs adakan voucher2 dong kaya di ojol2 yg lain;1
1;Gojek;gojek sekarang mahal meskipun pakai voucher perjalanan 77 km biasanya dg harga 9500 pake voucher go ride aja pot 10rb sekarang jadi 14500 alhasil beralih ke ojol sebelah;0
1;Gojek;banyak driver yang tidak sesuai di aplikasi jadi takut kalau pulang malam mangkanya aq pulang malam mending pakai grab;0
1;Grab;kapok baru pertama kali pesen di grab malah dapet driver yang ga ramah dan ga sopan banget marahmarah gajelas dengan nada tinggi dahlah udah gamau pesen lagi di grab mengecewakan;1
1;Gojek;aplikasi nggak ada gunanyahujan dikit nggak ada sama sekali driver gojek yang mau narik beda jauh dengan aplikasi sebelah;1
4;Maxim;drivernya lebih safety dr helm nya kurang bagus motornya jg ada yg udah bobrok bahkan jas ujan nya bau;1
1;Gojek;fitur chat gojek tdk ada penyelesaian sy setiap saat paka aplikasi gojek kenapa fitur chat tdk bisa menyesaikan masalah;0
1;Gojek;gojek brengsek qta bayar sesuai tapi pelaksanaan dilapangan beda jiwa penjajahan qta bayar mahal tetep aja masuk driver goceng;1
5;Maxim;driver nya mantap karena jln utam kena banjirtapi dengan lihainya cari jalan tikus akhirnya sampe tempat kerja terima kasih;1
1;Grab;aplikasi buruk driver terdekat malah dapet yang jauh pakai otak mereka datang pakai bensin bukan pakai modal cuma cuma perusahaan mu;1
5;Maxim;yeeeemakacihhh di saat driver yg lain slalu pilih customer tpi driver ini dgn ramah dan sopan mau nganterinbukan soal ongkos tpi memang orgnya baik good job;1
1;Gojek;butut kasih denda g ngotak sehari doang lupa bayar dendanya 50k mau pada ngebet naik haji ya lu tdinya mau langganan gojek plus lgi tpi haroream mening boikot sekalian;1
1;Grab;ini driver nya kurang ajar min minta tolong driver ini di briefingin atas nama henry situmorang plat no b 5286 kbu kalau bisa jangan sampe gara gara satu orang ini nama grab jadi jelek;0
2;Grab;aplikasi nya berat banget woi hp lemot bener klo buka aplikasi grab yg lain aman saja buka shopp aja lancar;0
1;Maxim;saran aja buat hrd driver maximtolong sebelum ngerekrut orangitu kepribadian sama ahklak pelamar di tes jugarata driver maxim pada nyolot dan ga beretikakayak preman semua;1
5;Gojek;terimakasih grabtitik jemput jaminan 5 menit sampemengutamakan pelanggan dan terimakasih gojek berkat anda kami telat jemput nya grab terdepan;0
5;Grab;alhamdulillah saya mendapatkan pelayanan grab yg ramah tamah terima kasih banyak ya grab ijin bertanya untuk mendapatkan grab hemat caranya bagaimana ya karena saya sering menggunakan pelayanan grab baik mobil atau motor terima kasih dan maaf bila pertanyaan kurang berkenan terima kasih;1
5;Maxim;pengiriman cepat mudah di dapat drivernya juga baik sangat membantu dan biaya nya murah makasii y maxim;1
1;Gojek;noh urusin mitra lu jangan cari keuntungan gede aja anehnya kalo komentar customer diladenin tp kalo mitra dicuekin;1
1;Gojek;kenapa melakukan pinjaman lagi selalu gagal dari dulu pakai gojek pinjam tidak pernah telat sama sekali mau ajukan lagi malah telat;0
1;Gojek;terlalu lama nunggu katanya 2 menit perjalanan tapi driver nya ga jalan jalan di maps nya;1
3;Gojek;kalau tidak pakai promo ongkos masih kemahalan buat customerdan terlalu rendah yg di terima driver tolong kebijakan biar saling menguntungkan;1
5;Gojek;aplikasi bagus dan sangat membantu dan tarif ongkirnya standar sukses terus gojek saya beri rating 100;1
5;Gojek;sejauh ini belum ketemu driver yg jutek alhamdulillahpesan utk driver yg muslim selalulah diawali dgn bismillahirrahmanirrahimsemoga hasil yg didapat penuh barokah;1
1;Gojek;driver pada sibuk semua pesan berulang kali batal terus apalagi pas musim hujan sangat tidak bisa diandalkan;1
1;Gojek;lama dapat ojol nya pdhl pilih yg comfort udh aku reset jg masih lama gmn sih;1
1;Gojek;ya ampun mau pesan gojek malah di suruh menunggu 60 menit karena terjadi banyak percobaan login;0
1;Maxim;parah banget saya barusan diminta 10 ribu gara titik maxim menyesatkan driver males jadinya gamau pake aplikasi ini lagi trauma;0
5;Grab;asalamualaikum aku pengguna aplikasi grab motor ini pemula ingin skli bepergian dapet kenyamanan semoga aplikasi ini memudahkan aku bepergian dan lancar sllu amin terimaksih;1
3;Grab;tolong diupdate jalanya susah kalo mau masuk pelosok ndak ada ancer 1 bulan sekali kek secara berkala;1
5;Gojek;aplikasi ini sangat membantu tapi klo bisa harga utk lebih murah dan driver potongan hanya 5 supaya dapat memberikan kesejahteraan krn driver tidak ada jaminan kerjanya spt kesehatan tabungan atau bonus thr terimakasih;1
4;Grab;tutorial cara pesen grab dari daerah yg belum bisa menemukan pengemudi padahal di apk ada unit sekitar 4 menit di pesen tunggu dan di cariin selama 9 menit pengemudi tidak di temukan apakah bisa pesan grab walau dari daerah;0
1;Maxim;maxim gak jelas kenapa penumpanh di turunkan di jalangak ramah banget cuma gara2 ongkos kecil nganter sampe gerbang perumahan dong kykgini kalitolong di sleksi drivernya;0
1;Gojek;udah pesen gocar xl supaya bisa buat 6 orang tapi driver pada ga mau ambil mending tutup aja dah ganti angkot yg didaftarin buat gocar saya pesan dari mall lippo cikarang;0
1;Gojek;driver minta nambah mulu klo pesen malem kenapa ga sama aplikasinya aja dinaikin pas malem kok malah minta nambah ke customer kan itu argonya dah jelas berarti emang bener yang di medsos tuh klo taxol kelakuannya pada gini;0
5;Maxim;sangat bangga dan harga sangat terjangkau buat masyarakat menengah kebawah di bandingkan ojol lain lain top lah;1
1;Maxim;kak bagaimana cara daftar maxim audah berulang kali di daftar lewat pesan telpn bahkan pake kode perfikasi tetap tdk bisa;0
1;Gojek;sekarang gocar jelek pelayanan nya argo 20 25 jarak deket ditolak2 terus sama driver nya terus klw kita tetap pesen juga lama2 harga naik 2x lipat kecewa pelayanannya auto delete aplikasi nya ga ke pake sekarang;0
5;Maxim;untuk sekarang bagi aman dan cepat dapat driver harga masih paling murah dan tentu jadi pilihan cuma satu untuk tetap memperhatikan drivernya dan sering dengar cerita driver dapat ulasan negatif padahal sudah pelayanannya sudah sesuai;1
1;Gojek;minimal kalo buat iklan tombol skip iklan pas selesai ga di kecilin gue jg pengguna gojek dari lama tp pas tau kyk gitu malahan males pake gojek mnding apk sebelah ono;1
3;Maxim;anjir apaaan nyari jln kagak ada muncul2 udah copy link map kopy jln ttp gak muncul udah pencarian ttp gak muncul hadeeeh ribet deh;0
1;Maxim;tolong dihapus aja waktu tunggu berbayar nya soalnya ga nunggu juga dibuat berbayar sama drivernya di jalan sejam dari 71 bayar 100 rb parah sih munurutku nama driver nya harrys pratama teguh di serang banten kerjanya ciruas;0
1;Gojek;lama nunggu driver ga bisa dibatalin pdhl udh laporan berkali kali ujung2nya udh sejam lebih baru apl nya yg batalin dasar aneh;0
1;Gojek;aplikasi gx bermanfaat drivernya cuma mau ambil bayaran gede buat apa ada promo kalo drivernya aja ngebatali jemputan terus;1
1;Gojek;pengemudi terlalu banyak yg meng cancel baik go ride maupun go car apalagi sudah tiba dilokasi juga berani cancelmending pake aplikasi lain;1
3;Gojek;selalu gabisa ngeklik chat padahal udh di pencet or klik berulang kali tapi susah bgt masuk room chat jadi sering miscom sama driver tolong diperbaiki fiturnya;0
1;Maxim;bintang satu karna tertinggal nya hp teman saya si driver juga tidak bisa diajak kerja sama dan yang terakhir penanganan yang lama;1
1;Gojek;karna driver minta cancel 2 x saya cari driver lainnya ga dapet karna alasan anda terlalu sering memencet ini kecewa sama apk sampah ini;0
4;Gojek;pengalaman saya untuk pemakaian aplikasi ini sudah bagus hanya saja tolong berikan diskon khusus bagi pelajar terutama sma seperti mendapatkan diskon dengan menunjukkan kartu pelajar karena harga gojek kadang naik dan turun yang menyebabkan pengeluaran yang lebih kepada pelajar;1
1;Grab;saya pesen grabride dari sebelum hujan sampai hujan deras susah dapat driver 2 temen saya pesen goride sebelum hujan langsung datang apa aku beralih ke gojek aja grab nya saya uninstall;1
5;Gojek;overall bagus kadang ada satu dua driver yang kadang nyebelin min info dong di bandara sultan mahmud badaruddin ii palembang udah ada gocar airport belum ya;1
5;Maxim;selama menggunakan maxim aman dan lancar driver juga ramah dan asik di ajak ngobrol meski saya juga jarang ngomong hehehhe harga juga lebih terjangkau dr platform transportasi lain good job maxim;1
1;Maxim;nunggu driver lama kendaran tidak terawat nomor polisi juga sudah lama mati atribut udah kayak baju pengemis driver nya juga beda tidak patuh rambu lalulitas di perempatan dan suka ngebut mantan pembalap liar yaa driver nya sngat tidak mngutamakn keamanan dan knyamanan pelanggan;1
5;Maxim;penjemputan penumpang cepat kendaraan yang digunakan juga mantap pengemudi baik dan sopan terima kasih maxim dan pengemudinya;1
1;Gojek;tarif yang mahal buat pengguna namun hanya 70 atau 60 buat mitra pengemudi sisanya buat aplikator cari untung gede parah;1
2;Gojek;percuma kasih kode voucher tapi nggak bisa digunakan semua mulai dari kode cobaingojekgorideajalebihhemat dll;1
1;Gojek;sumpah aplikasi sampah yang kasih bintang 5 tolol harusnya aplikasi gojek ini di buang pada tempat nya;1
5;Maxim;maxim bandung paling top mau hujan badai petir tetep narik penumpang palingan waktu persib perayaan aja nunggu sejam baru dapat itupun aplikasi lain ada yg nunggu sampai 2 jam lebih thankyou maxim;1
3;Gojek;nunggu 2 jam buat dapetin driver doang estimasi aplikasi 1 jam sampai tapi buktinya 2 jam jalan belum juga dapet driver malah di cancel sepihak dari gojek edit akhirnya sampai juga setelah 5 jam nunggu sip naik 1 bintang;0
5;Gojek;kalikali surprise dari saya suruh bawa lexus lx600 turbine sport 5500 cc v8 milik saya hanya mencoba buat kejutan penumpang lain dan;1
1;Gojek;ish trauma saya sama abang gojek nya marah marah gitu sampe sekarang masih trauma dan inget bangett;1
1;Grab;driver banyak yang pasif aplikasi diaktifkan tapi orangnya lagi tiduran dirumah nunggunya drivernya kayak nunggu pejabat datang acara lama banget;1
1;Gojek;saya sebagai customer lama2 kecewa sama ini aplikasimau pakai layanannya jadi segan kasianan ke driver saya pakai tarif normal tapi ini kenapa ke driver hanya dapat uangnya 45 dari yang saya bayar;1
1;Grab;drivernya banyak yg tdk sopan tdk sabaran suka marah2 terutama driver yg sdh berumur terlalu merasa dibutuhkan pdhal sama2 kt membutuhkan tp dng begini kami uninstal lebih baik yg hijau sebelah;1
5;Maxim;maxim saya baru pertama pakai tapi sudah buat saya kagum dgn cara pelayanan dan sistem aplikasi yg bagus jadinya memudahkan bahkan sy yg beru pake maxim in langsung faham dgn cara kerjanya respon cepat drivernya ramah ramah mantap pertahankan;1
1;Gojek;buset gw nungguin pesenan gacoan gw dari jam 1049 sampe jam 1 belum ke anter perkara belum ada driver gk ada mau yg anter padahal dari tempat tinggal gw sama lokasi cuman 8 menitan cok itupun disuruh nunggu 28 menit busett dah;0
3;Gojek;it terlalu sering gonta ganti cara pemakaian jd eror terua driver telpon bebrunyi tp gk bs diangkat gk muncul di hp;0
1;Gojek;kami pesen satu driver bisa bisa nya sampe banyak driver yg datang kerumah kami kasihan kan driver yg dibatalkan udh gitu ga bisa di cancel lagi;0
5;Gojek;bepergian dengan gojek aman terkendali karena sistem dalam aplikasi nya bisa termonitor dengan baik transportasi untuk umum yang sangatlah paripurna dengan pelayanan yang baik dan bertanggung jawab;1
1;Gojek;apk payah psen goride dapat driverdriver dah chat tapi ga ada pergerakan kirain ga jalan terus saya canceleh ternyata driver datangbikin salahpaham saja;1
1;Gojek;driver slow respon lambat kalo gak bisa jadi driver gak usah driver gojek kecewa pelayanannya lemot;1
5;Gojek;dengan gojekkita bisa kemanapun dan kapanpun kita mauu apalagi dengan tarif yang hemat ayoo buruan cobain gojek guys;1
2;Gojek;saya pengguna gojek mines supir banyak yg minta uang lebih ketika perjalanan malam haridn banyak yg cancel sering juga berganti menolak;1
5;Grab;aplikasi yang sangat membantu dalam kegiatan seharihari pencarian driver yang cepat tampilan fitur juga simpel namun rapih;1
1;Gojek;driver nya tidak bisa diandalkan semua posisi cepet mau telat tp suruh ganti driver terus ada yang makan lah ada yang inilah itulah;1
1;Gojek;jelek suka di cancel sama drivernyasudah gitu pakai nomer segala padahal akun email valid saya kasih bintang 1;1
3;Gojek;gmna ini aflikasi gojek error metode pembayar tunai tpi diaflikasi jdi non tunai satu tujuan dua kali pembayaran;0
4;Grab;aplikasinya bagus driver nya juga lama lama tapi tolong perbaiki aplikasinya lag parah padahal di hp saya ga ada aplikasi apa apa cuma grab wa dan tt saja tapi masih aja lag apk grab nya padahal kemarin kemarin ngga;1
2;Gojek;ini gojek lama bertingkah muluu mana tiap ngasih driver selalu dengan posisi yang paling jauh susah komunikasi pula dan kejadian ini berulang kali;1
5;Gojek;keren dan harga aman tp kasian sama drivernya kasih bonus lagi lah biar pada semangat lagi buat menghidupkan kel nya;1
5;Maxim;pertama kali pakai dan itu mudah tapi setelah saya sampai di tujuan dan ingin memberikan bintang 5 sayang malah eror karena jaringankoneksi internet terputus saat perjalanan walaupun sudah di nyalakan kembali koneksi internet saya tetap saja tidak berfungsi saya harap kesalahan ini ada solusinya terimakasih;1
1;Gojek;gojek motor udah ga jelas ini kalau pesan pagi udah harganya melonjak cari drivernya susah sekalinya dapet drivernya jauh bangat padahal yg deket banyak udah gitu si driver di chat ga respon kendaraanpun ga bergerak parah buang2 waktu dan bikin terlambat kerja kapok;1
5;Gojek;aplikasi ini sangat membantu tetapi banyak kekurangan juga salah satunya keterlambatan untuk menjemput pelanggan saya tau keterlambatan tersebut karena ada kendala di perjalanan tapi kalo bisa mencari rute yang aman dan sepi dgn pengendara jadi lebih cepat untuk sampai terima kasih;1
4;Grab;untuk keseluruhan dll itu bagus tapi yah tapi yg gua heran driver banyak tpi yg mau nerimaambil itu yah tuhan banget gitu lama nya minta ampun tolong apa guna nya driver bnyak gua juga kerja jadi driver ngk mudah tpi kok ngini amat yah;1
1;Gojek;sudah pesen 2 kali dan nunggu berjamjam tidak bisa dicancel setelah nunggu lama banget gojek baru tercancel secara otomatis tanpa bisa konfirmasi ke cs melalui aplikasi nya;0
1;Gojek;tolong dong jangan sampai masuh chat orang ga dikenal ke aplikasi gojek spam sangat mengganggu rugi aplikasi bagus gini rusak gara2 spam;0
5;Gojek;mudah an bisa ditingkatkan lagi pelayanan nyahususnya di kampung masih minim driver nyatpi ok lah sejauh ini;1
3;Gojek;knpa saya mau pesen gocar ko gk dptdrivernya sedang kan pke hp oeng lain lngsumg dpt salah nya dmna ko gk dptdrive gocar saya;1
3;Gojek;saya padahal engga download apk gojek tapi di email saya masuk notif dari gojek kenapa bisa gitu ya min;0
5;Grab;kenapa perasaan kok semakin mahal ya padahal jaraknya juga nggak jauhjauh amat apalagi grab car nya kadang nggak ngotak harganya;1
5;Gojek;sangat membantu sgala aktivitas keperluan masyarakat dengan driver yang profesional penuh ramah tamah makasihh sukses terus;1
4;Gojek;tolong lah untuk biaya aplkikasinya kira aja kasian driver nya terus kadang suka pada gak mau nganter kalo jarak nya jauh karena potongan aplikasinya gede padahal kan customer bayar nya sesuai;1
3;Grab;potongan harga di aplikasi penumpang tidak sama dengan driver sehingga terkadang minta ongkos lebih pada penumpang dan setelah melihat ongkos yang didapat oleh driver sangat miris karena bisa berkurang sampai 45 semisal di penumpang harga grab 30rb yg didapat driver hanya 17rb miris sekali;0
1;Gojek;tolong beri edukasi kepada driver2nya spy mmpunyai attitude dan sikap yang baiksopan dan lebih menghargai penumpangbersikaplah jujurmaka penumpangpun akan nyaman dan tidak segan2 untuk memberi uang tips kpd driver drivernya suka batalin sepihak banyak alasan;1
2;Grab;udh lama g pke grab pas liat pembayaran bs pke qris aku jd pke grab lg eh skrg malah pembayaran qris gd ydh sy g mau pke grab lg harga nya jg lbh mahal dibanding ojol sebelah;1
1;Gojek;buat manejemen tlg dong driver yg terkena putus mitra bisa daftar kembali sdh bertahun tahun data masih ada aja;1
1;Gojek;gojek makin lama makin anehh mapsnya jadi ga karuan antra driver dan pelanggan padahal saya pengguna lama tapi menurut saya makin buruk apalagi dibagian maps;1
2;Gojek;bagusan gojek jaman dulu jam 2022 ada diskonsekarang kalo ngarep diskon harus bayar kalo nggk ganti nomor dulu;1
1;Gojek;sering terjadi sistem eror dan merugikan costumer sering terkendala sinyal nya tidak baik padahal sinyal menggunakan aplikasi lain berjalan lancar;0
2;Maxim;parah lu maxim dari tebet ke manggarai biasa 12k jadi 20k ngasih jalur nya mana jadi jauh bgt inget saingan lu ada grabe sama gojek;0
1;Grab;susah banget klo mau ngecancel apalagi salah alamat parah ribetsusah banget buat ngecanceludh dibatalin malah masuk driver yg lain lieur;1
5;Grab;alhamdulillah dengan adanya biaya layanan maka saya tidak perlu pake helm knp karena dengan adanya biaya layanan sudah tercakup salah satunya tidak perlu pake helmsafety belt driver kena tilang saya tidak perlu bayar krn sudah dibayarkan dalam biaya layanan tersebut mantap nga tuh;1
2;Grab;tiap dibuka aplikasi nya loading nya lama terus ngelag ngelag posisi driver sering ga bergerak padahal sudah sampai titik;0
3;Gojek;pesen gocar sering di cancel sampai belasan kali giliran harga sudah naik drastis baru ada yg pickup;0
1;Gojek;drivernya gak jelas waktu penjemputan malah makin jauh dari titik penjemputan di chat gak ada balasan di tlf gak di angkat nunggu 20 mnt gak ada kepastian hadehhhhh;0
1;Gojek;gojek tolong dong klo estimasi waktu 5 menit jgn jadi 20 menit sy pesan estimasi driver sampai 5 menit sy tgu dari jam 218 sampai jam 235 belum sampai apa itu 5 menit;0
4;Gojek;sejauh ini yang layanan paling bagus memang gojek tapi kenapa sekarang harganya jdi naik yaa dlu biasanya dari st pasming ke kampus cuma 13k sekarang jdi 17k;0
1;Gojek;udah mahal ongkir dan jasa lama penipu ulung lagi ktanya 3 menit lagi sampe taunya driver baru mau meluncur kacau;1
5;Gojek;tetap jaga kepercayaan para pelanggan di mana pun berada karena menjaga kepercayaan itu paling susah serta kenyamanan dan keamanan juga jangan lupa di perhatikan oleh gojek;1
1;Gojek;sebetul nya gojek sangat membantu tpi masih banyak driver yang walaupun tidak semua terimakasih gojek untuk terakhir kali ny kapok saya;1
1;Grab;baru pertama kali pake grab pertama kali naik ojek dr grab pertama kali juga diperlakukan tidak baik sama driver nya wkwkwk ga sopan sama tolong mapnya lebih perbesar biar komplek rumah saya keliatan;1
1;Gojek;tolong dong sistem aplikasinya diperbaiki nyariin drivernya jgn jauh2 gila aja padahal yg deket lokasi puluhan tp malah nyangkutnya sama driver yg jaraknya juauuuuuhhhh nunggunya kelamaan kasian juga drivernya kejauhan jemputnya;1
1;Maxim;susah banget cari alamat yang bener yang ada gak bisa berkontribusi sama google map bikin sala turun rugiiiiu;1
1;Gojek;apkasi nya jelek saya pingin lewat tol serang penimbang di arahin nya jalan biasa g kaya apkasi greb langsung rute tol tolong di perbaiki aplikasi nya kita cari yg lebih cepat dari pada terlambat waktu itu penting bagi kami;0
1;Grab;argo nya tidak sesuai dengan yang di awal pemesanan padahal sesuai dengan titik aplikasi grab sekarang banyak biaya lain lain nya yg tidak ada konfirmasi nya ke penumpang sehingga harga argo sesudah sampai titik menjadi membengkak mending pake aplikasi sebelah manis di awal aja;0
5;Maxim;ekonomis untuk aplikasi maxim penumpang maps nya masih kurang kumplit jadi untuk menentukan titik masih agak susah;1
1;Grab;gak sesuai katanya grabcar hemat bisa 4 orang aku pesen grabcar hemat bawa 4 orang d suruh make yang lain mesene trs d suruh bayar normal yang tadinya cuma 12k jadi 26k;0
5;Gojek;gojek memudahkan untuk bepergian kemana saja tapi tolong di perbaiki dari pihak gojek yg sedang eror saya yg kena makian dari driver;1
2;Maxim;tolong dong kasih tau driver nya jaga kebersihan masa jaket nya bauk kaos kaki basah yang udah busuk saya nahan mual terus sampai akhir nya minta berhenti sebelum sampai tujuan mana hlem nya bauk juga sama banyak bulu kucing;1
5;Grab;trm kasih udah menghtr sampek tujuan dangat puas sehat sehat ya pak semoga lancar untuk keluarga;1
1;Grab;sya kecewa sya maps y grap susah di buka pakai 2 jari selalu susah lihat posisi driver dari peta;1
1;Gojek;skr gojek dibawah bintang 1 ratingnya jelek busuk lama bukan krn sinyal gue gue bandingin barengan mesen di grb enjoy cpt;1
2;Gojek;gatau kenapa tapi sekarang gojek gak seperti dulu gapernah ada voucher diskon ongkir makin mahal intinyaa udah gak sebagus dulu;1
5;Maxim;makasih ya buat mas nya orang nya ramah bngett kalo nge driver gak bakal nyesel deh sehat2 sekeluarga buat mas e;1
3;Gojek;udaah msen tinggal nunggu tapi tiba di batalin sama driver nya gara jarak jauh krna ongkos lebih murah pdhal kita juga mengerti dan faham suka melebihi ongkos nya;1
1;Grab;parah sih mau pake promo 55 udh mau klik pesan eh ilang tiba2 klo ga niat jgn php org sama pihak apl tolong manusiakan manusia masa ada argo 5rb an kasian driver nya belum bensin ihh parah bgt umr naek ini argo turun;1
2;Gojek;posisi driver selalu jauhterlalu lama menunggu dan kasihan drivernya karena jemput terlalu jauh driver sering mnta cancel jadinya berkali kali mesankenapa selalu kasih ke driver yg jauh padahal yg dekat juga banyak;0
1;Gojek;kacau kita bayar mahal full tapi di driver terima cuman 5000 dimana hati nurani kalian suatu saat kalian kena karmanya loh;1
1;Maxim;maps kurang akurat byk driver pake fake lokasi driver jauh maaf ya akhirnya saya kembali ke ojol sebelah;0
2;Grab;knp si driver nu selalu lama pdhl cm 2 menit kdg nunggu smpe 5 menit lebih;0
1;Grab;tolong dong mapsnya di perbaikin padahal titiknya sdh sesuai tapi driver malah di puter sampe kewalahan cari alamat di app sebelah ga pernah ada driver kewalahan cari alamat;0
1;Gojek;judulnya layanan bantuan tapi gk ngebantu sama sekali kita ada keluhan susah dapat driver tapi gk ada respon dari cs malah ditutup terus chatnya tolong diperbaiki sistemnya;0
3;Grab;tolong banget dong saya udah hampir 2 jam mesen grab car gak ada yang ambil ambil keadaan urgent pun susah banget dapat grab carnya tolong lebih diperhatikan lagi dong waktu saya kebuang banyak banget cuman buat nungguin grabcar yang gak jelas ini;0
1;Gojek;kenapa bintang 1 karena gocarnya 1 jam gak ketemu dan buat para driver gocar lagi kali gak usah kejar di gocar;0
3;Gojek;kenapa sih chat suka ga bisa di buka udh di pencet chat nya ga mau masuk ke room chat sebel banget mau balas chat driver jd ga bisa;0
3;Gojek;tolong diperbaiki lagi untuk driver nya biar kita nunggu engga terlalu lama karna driver tidak tahu jalan nya;1
4;Grab;dikasih driver yg naikin harga gk sesuai aplikasi padahal dengan kesadaran diri pasti akan di kasih tip lebih cuman kali ini dapet driver yg tidak jujur kejadiannya ketika saya pulang dari kereta cepat mau ke jakbar;1
1;Gojek;tolong dong di perbaikimasa saya pesen gocar udah 5x lebih di tolakin terus padahal rute nya ga jauh malah dibilang jauhhanya karena gerimis doang udah gitu saya bawa anak kecilsangat kecewa sama driver gocar mohon di perbaiki;0
4;Gojek;susah banget nyangkut ke gocar nyasuka pada ga responsma suka dpt yg jarak nya jauh dr tmpt sekarangtolong perbaiki lg min;1
5;Gojek;gojek selalu tepat waktu gak pakai lama sebagai tukang pijet panggilan gak punya motor gojek sangat membantu sekali bagi sy dalam menjemput rejeki allah semoga gojek selalu ada dan jaya dinegeri tercinta ini indonesia;1
5;Gojek;aman selalu kenyamanan penumpang selalu diutamakan dan alhamdulillah juga member goride dan go car ramahramah;1
1;Maxim;salado beberapa kali ke potong tanpa ada driver yang datang ke lokasi penjemputan sama aja merampok uang user sangat memalukan;0
5;Maxim;bapaknya ramah kaliii terimakasih ya pa karna bapa tepat waktu jadi saya di terima kerja makasih ya pak lancar terus rezekinya sehat ya pak;1
3;Gojek;pelayanan mohon di perbaikijangan biar kan pelanggan sudah pesendannunggu lama malahan di batalkan driver posisi lagi hujanjdi pesan apk sebelah;1
1;Maxim;ini knp maxim menghubungkan ke layanan aneh gak bisa masuk pas masuk ke aplikasi lain ke game lancar aja knp ini;0
3;Gojek;kasih deskripsi di awal kalau memang bawa stroler bayi harus menggunakan gocar tipe l biar kami tidak salah pilih gocar;1
5;Gojek;sangat membantu limit paylatter nya okeh slama kita lancar pembayaran cepet naik limit okeh pokonya;1
2;Maxim;aplikasinya bagustapi drivernya kadang tidak ramahsistem report driver nya pun tidak ada jadi kurang banget lah kelengkapan fitur di aplikasi ini;1
1;Gojek;saya tidak nyaman naik gojek skrg driver gojek skrg banyal pakai knlpot brisik ojol kok kebanyakan gaya;1
5;Gojek;lebih nyaman pakai gojek banyak promo lebih safety terlindungi asuransi selama diperjalanan punya kantor tempat mengadu yuk bagikan ke temen2 supaya pakai gojekyg penting promonya tiap bulan terus ada buat konsumen;1
3;Grab;aplikasi susah di buka padahal sinyal lancar gk jelas bangetpadahal lagi butuh butuh nya buat nyari jemputanmalah susahalasannya sinyal tidak tersambungpadahal buat buka aplikasi lain gak ada kendalalancar banget malahan tolong perbaikan nya dari developer;0
5;Gojek;ga ada voucher lagi harga naik lagi mohon diturunkan spt minggu kemarin jadi saya bisa pake lagi jasa gojek;1
1;Gojek;aduh setelah update terbaru aplikasi nya jadi berat nih padahal hp saya masih baru ui untuk scrolling nya lag padahal pake native bulan flutter gojek nya tolong ya developer lebih di optimalkan lagi;1
5;Gojek;estimasi gocar hemat adalah scam ya gaes ya disini tertera kurang lebih 710 menit estimasi drivernya sampai tapi nyatanya sampe 40menit belum sampe gila belum lagi waktu perjalanan bisabisa sampe sejam;0
5;Grab;kenapa ya grab akhir2 ni tarif ongkosnya terlalu mahal apakah tidak ada promo lagi tak seperti grab di indonesia sana banyak bagi promo pada penggunanya;1
5;Maxim;nganterin anak sekolah setelah sampe ada laporan sudah sampe sekolah bu terimakasih pak jrg ada driver seperti ini;1
1;Gojek;potongan argo yang sangat fantastis ratarata 30 dari tarif yg dibayarkan pelanggan sungguh luar biasa kau jek;1
3;Maxim;pliss maxim driver klo ada motor nya gak layak buat narik jangan di acc orang rata2 naik ojek buat ngejar waktu klo motor nya kaya naek sepeda sama aja boong;1
3;Gojek;gojek plushny malah promonya di harga tinggi semua padahal gojek yg biasa promonya malah lebih ramah dikantong jadi ngyesel;1
1;Gojek;kenapa pas ujan kadang susah banget dapetin pesenen gajelas banget ni aplikasi gimana nanti orang kalo udah bilang ke suami atau ortu nya gausa jemput nanti aku gojek trs tiba tiba ujan dan ga dapet dapet pesenen aplikasi gajelas ini hapus aja mendingan;1
1;Grab;gila grab ini lama lama mesen grabcar lama banget dapetnya sekalinya dapet di cancel bener bener kl org yg lagi buru buru gimana nasib nya tolong di perbaiki nih;1
1;Grab;tidak lengkap daftar lokasi khusus deli serdang map titik jemputan atau alamat yg di butuhkan jga tidak tersedia gmana mau pakai untuk transportasi dan bisnis model gni;0
5;Gojek;enak naik gojek hemat waktu biaya apa lg klo dpt drivernya yg ramah dn santun;1
5;Grab;semuanya sudah baik semoga semakin baik sejalan dengan berkembangnya teknologi yang masih kurang dalam informasi waktu penjemputan kadang tertulis dilayar 5 menit tapi driver yang mengambil tiba ditempat penjemputan 15 menit;0
1;Grab;sekarang grabcar pelayanannya buruk banget sumpah minta saya suruh cancel terus alesan jauh pdahal cuma 10menit gak lagi deh make grabcar;0
5;Maxim;sangat hemat cuman agak kesal juga sama bapak bapak gojek yang semangat kerja bapak jangan sering bikin emosi;1
2;Gojek;masukan aja utk goride coba helm2 nya jgn pada kotor kira2 sdh tdk layak helmnyya ugk segera d ganti;1
3;Gojek;kenapa chat dengan driver tidak bisa sudah sering seperti ini kalo di perbaiki saya kasih bintang 5;0
1;Gojek;biasanya ada share perjalanan kalau lagi naik ojek updatean terbaru malah ngga ada menunya bolak balik cari menu share ngga ada malah mabok pusing mau muntah dijalanan sambil nyari tombol berbagi perjalanan yg lagi naik ojek malah makin jelek aplikasinya bikin kesal;0
3;Grab;bunyi sound yg baru di aplikasi ini sangat mengganggu walaupun sdh dth drivernya tp soundnya tdk hilang;1
5;Gojek;suka banget tiap hari ada promo sembako tapi sayangnya gak pernah dapet gratis ongkir dan karena di plosok aku jarang dapet driver uu;1
4;Grab;tolong untuk semua para driver grab tolong sediakan uang kembalian ya saya sehari pake grab 4 kali dan semua driver bilang tidak ada uang kembalian atau ada uang yg kecil;1
1;Maxim;saya kecewa harga awal tarif 25 ribu terus tiba2 jadi 38 ribu tanpa konfirmasi driver mengaktifkan tarif tunggu;0
1;Grab;kenapa aplikasi grab ga bisa buka buat pesan driver saya mau pesan driver lama banget tolong di perbaiki sistem operasi nyamksh ya;1
2;Gojek;aplikasi nya curang kami kaseh ongkos mahal 18000 kedrivernya cuma dapet 5000 kasian sekali para drivernya;1
1;Grab;ui user interface nya sangat jelek mapnya gak bisa zoom inzoom out ketika driver otw lokasi penjemputan;0
1;Gojek;baru ini kecewa sama gojek masa udah dicancel malah marah ke saya saya kan cancel garagara jaraknya jauh padahal saya sudah di tunggu bunda saya malah ga terima;1
2;Grab;hilangkan aja fitur hemat kalau driver kalian menolak utk pickup customer akan kesulitan klo driver semua nya menolak gitu hemat;1
4;Grab;aplikasi nya ngelag padahal sebelum nya lancar lancar aja hp nya di restart pun sama aja tolong di perbaiki lagi di karena sudah sering pakai grab;0
5;Maxim;aplikasi maxim nie sangat membantu se x dg mudh cept n hrga nya juga trjangkau smoga lncar sll buat pra pnumpang yg naik dan lncr trs aplikasi maxim y;1
1;Gojek;titk jemput bisa 3 sampai 4 km ongkos tetapdriver di rugikan terus menerus oleh sistem goto yg bobrokbrengseeek;1
2;Gojek;woi gajelas driver jauh jauh semua pdhl ada driver yg deket haduh ini buang waktu banget;1
1;Grab;tolong supir grab car nya di filter lagi ya ga pernah ada sopan santun sama sekali satu org pun;1
3;Grab;minta tolong diperbaiki lagi mapsnya krna sya selalu dpat driver yg lumayan jauh dan terpantau maps tidak akurat masak drivernya muter2 terus tapi stelah aplikasi sya ttup dan buka kembali tiba2 driver sudah dekat;0
1;Grab;boss nya grab makin kaya raya karyawan grab hidupnya makin sejahteramitra nya grab yg nyari duit dijalanan hidup makin menderitapotongan makin gedetarif makin dimurahin bener2 sadis dan kejam sama mitra kenapa grab makin biadab sama mitra;1
1;Gojek;baru kali pakai gojek di cancel 3x kecewa sekali mohon maaf saya pindah aplikasi lain;1
5;Maxim;maxim terbaik pokok nya yang jelekin maxim biasa orang nya orang pelit aku senang pakai maxim nggak nungguin driver nya lama cepet banget;1
1;Grab;saya memesan layanan grabcar plus yang datang taksi blue bird dengan kondisi mobil lama saya berharap yang datang mobil pribadi yang baru kenapa yang datang malah blue bird tolong di perbaiki sistem nya agar grabcar plus yang datang mobil pribadi;1
1;Grab;baru pertama kali pesen grabcar diaplikasi 39rb tapi driver minta dibatalkan dengan alasan kehabisan cargo dan pilih offline alhasil driver minta ongkos 70rb not recommended;1
5;Maxim;alhamdulilah pak supir terbaik kmren tas dan hp saya ketinggalan di mobil di balikin lagi sama pak supir nyaterimakasih pak supir terpercaya jujur dan adil;1
5;Gojek;sering banget dapet driver nya ga sesuai apa yang di pilih saya pilih goride comfort tapi dateng nya udh kaya goride hemat;1
3;Gojek;berangkat kerja waktu hujan okeylah cepat dapat driver lah ini waktu pulang kerja hujannya reda kenapa malah lama banget dpt drivernya nungguin 2 jam nihh min tolong lebih diperhatikan lagi ya min;0
1;Grab;sering bgt ngegunain jasa grab ini tapi sekarang malah di buat kecewa karena banyak bgt oknum oknum grab yang suka cat calling dan suka ngegodain orang dengan cara menjijikan bahkan sampe ngajak ke hotel saya harap lebih diperhatikan lagi kesopanan para pekerjanya;0
3;Maxim;murah memang tapi klo di aplikasi ada tulisan segera akan tibadriver tiba lrbih dari 4 menit kecewa;1
1;Maxim;driver mobilnya sombongsombong semua kecuali dinaikin harganya baru mau kalau memang niatnya ga mau sesuai aplikasi ga usah make maxim;1
1;Gojek;sebel bgt dapet drivernya jauh mulu padahal deket rumah juga banyak driver saya mau bawa orangtua ke rs aja nunggunya sampe 1 jam kalau urgent bgt amit2 bisa lewat tolong dong gojek yg bener kalau cariin driver menyusahkan orang;1
3;Grab;aplikasi terlalu beratentah derita apa yang ditanggung terutama mapsnnya terasa berat dan tak bergunapadahal sudah berapa banyak biaya layanan ke aplikasi yang dibebankan ke customertp tidak ada perbaikan ke arah yang lebih baiklancarentengmalah semakin ruwet;1
2;Maxim;apps ga jelasdrivernya ga niat kerjauda dikasih harga lebih malah di tolak terusga niat kerja apa gimanadan buat devlopernya mohon appsnya mohon di benahi lagi kadang sering error tiba tiba;1
3;Grab;sampaikan pada semua drivernya kalo sekiranya ngga mau diambil karna alasan gerimis ringan atau apa kabarin customer nya kan ada fitur chat sering bgt driver kaya gini kalo lagi gerimis kecil udah nunggu 5 menit tibatiba di cancel dungu;1
1;Grab;alamat di maps susah bener ngatur nyaa tolong diperbaiki dong ngga ada pilihan buat cancel juga kalo lama2 gini kasian juga pihak driver grab jadi kekurangan penghasilan karena orang2 pindah aplikasi lain;0
1;Gojek;driver datangnya sudah terlambat namun dengan sangat angkuhnya menolak lagi untuk membawa saya dan meminta supaya saya batalkan menggunakan mobilnya;1
2;Gojek;apk sudah bagus tp harga kurang terjangkau apalagi gocar terlalu mahal sudah tidak seperti apk lama skrg apa apa serbah mahal diskongoplus cuman nutupin dosa doang harganya ga berkurang belum iklannya yg terlalu memaksa tekan tombol cancel malah lari ke situs;1
3;Gojek;okelah apk nya bagus banget diskon goofodgojek kendaraan nya besar bgt potongan nya juga kadang besar bgt tapi tolong kenapa ada aja penggendara nya yang kurang ramah sama pelannggan;1
4;Gojek;halo ini aplikasinya lumayan bagus tapi biasanya aku kok ga dapet driver yah biasanya juga drivernya keluar jalur;1
1;Maxim;baru kali ini seumur hidup dibntakdimarahin smaa pengemudi nyapdhal ngmng baikujungmarah marahditngah jalanudah lobang malah dihatamga bner dah naik motor nyaaa sampe diliatin sma orangdijalanpagimalah ga mood sma tukang ojekbnyk yg bilng mnding gbok dari pada maxim keamanan dan keramahan nya kurang bngttolong di bantu;1
1;Maxim;alamat maps gabisa sesuai titik beberapa kali driver salah padahal udh ditulis lengkap benerin apk nya tq;0
5;Gojek;aku harap penumpang bisa melihat ratingnya di gojek bukan hanya driver yang bis lihat jadi misalnya jika ada penyebab rating jelek penumpang bisa memperbaiki nya;1
3;Grab;plis saya dapet driver yang nawar pengen di lebihin trs gaptek ngg tau cara scan tolong dr grab ada survei untuk setiap ojol yang bisa cara bayar scan;1
1;Gojek;biasanya sering dan enjoy pake gojekganti hp terus mau masuk akun tapi lupa goto pin caranya ribet benerharus pake foto dllmaaf tapi kurang praktis gitu saya jadi bingung gmna cara buat ngeganti goto pin buat bisa masuk akun;1
1;Gojek;makin update makin parah sampai gak bisa lihat gojek nya sudah jalan apa belum atau sampai mana tolong perbaiki lagi;0
1;Gojek;selektif lagi dalam bermitra banyak sekali driver yang minta dibayar lebih kejadian pesen car dapat harga 185k dimintain 50k duluan boroboro tuh driver gerak gamau jalan dia malah nyuruh customer batalin mohon sekali mental opang kayak gitu ditindak karena udah banyak yg ngeluhin hal ini;1
1;Maxim;sering di jauhkan dari lokasi tujuan dan di caci maki oleh drivermembawa motor dengan ugalan dan di turunkan padasaat di jalan;1
1;Grab;di tanggal 7 feb 2025 masih sering kena biaya rp 8000 untuk grab ride mulai tanggal 10 feb 2025 sekarang kena rp 11000 padahal pindah ke grab karena murah tapi ya ga ada beda sama aplikasi sebelah;0
2;Gojek;pakai aplikasi kendaraan online berharap mempermudah mobilitas pada kenyataan ketika hujan turun yg namanya mobil motor syusyah syekali dicari yg ada di cancel trus tolong klo nyari rekan driver mobil yg beneran nyari kerja bukan iseng aja ngisi waktu;1
1;Gojek;terlalu banyak gaya aplikasi gojek ini mau daftar pun mau tunggu 60 menit kira aplikasi transportasi kau aja y;0
5;Gojek;saya menggunakan aplikasi gojek transportasi sangat membantu untuk berpergian ke mana saja sangat gampang untuk digunakan;1
3;Gojek;tolong upgrade pembatalan dari driver sering banget pesen tapi selalu dapet driver susahbeda sama shopee 1x 2x gagal langsung driver ga bisa cancel;0
4;Gojek;tolong adain fitur ga ngomong sama driver car ngga papa ada biaya tambahan ngga semua orang mau denger ocehan driver apalagi ngeluh masalah bbm klo jauh kita semua tau bbm mahal ngeluhnya sama pemerintah aja plis dari user rating 36 lol;1
3;Gojek;udah malas rasanya naik gojek kemarin minggu malam senin subuh ambil voucher tapi gak muncul heran gojek sekarang;0
1;Gojek;cari driver jarak deket susah krn ke driver terimanya sedikit potongannya gede ke drivergojek jng menyusahkan driver dan juga usernya sesuai kan tarif yg di terima ke driver;1
1;Gojek;sdah lama pake gojek tpi d saat butuh dana gk bisa kasih pinjaman katanya perbanyak transaksi sama aja gk bisa gk jelas aplikasi ini;1
1;Gojek;dapet driver tp gak ada yg mau ambil padahal jarak gak jauh sampe 4x ganti driver;0
3;Gojek;kadangkadang ada driver mau menjemput tapi berhenti di tengah jalan gak bisa dihubungi sering banget ngasih driver yang jaraknya jauh lebih parah lagi estimasi waktu jauh dari kenyataan aslinya 15 menit dibilang cumab3 menit;0
3;Gojek;gila ya gojek ini hujan2gak ada yang nyantol sama sekali kalau dibatalin uang makin naik mana blm termasuk parkir pula gk ngotak sama sekali;1
1;Gojek;diupdate makin lemot blok driver ujan ujan mapsnya nyeleneh diatur sudah betul diaplikasi cacat ongkir mahal app cacat terakhir pakai remove;1
4;Grab;apknya si oke dan membantu bgt tp masi banyak driver yg gamau ngasih uang kembalian kaya 45rb pun kdg ga dikembaliin bahkan sering bgt ketemu driver yg minta double pdhl kita jg sesuai apk aja ga kemana mna lgi;1
1;Gojek;tolong usahakan setiap driver telah menyiapkan uang kembalian karena tidak semua penumpang membawa uang pas setiap memesan selalu tidak ada driver yg punya kembalian;1
1;Gojek;boleh jujur tarif ongkir mahal bahkan setelah berlangganan gojek plus potongannya juga tidak seberapa bahkan jauh dibanding dg apk sebelah ini apk anak negeri harusnya lebih user friendly dalam beberapa aspek;1
1;Maxim;masa penumpang di turunin tengah jalan malam tujuan masih jauhh 0312 no pol motornya b 5583 tca;0
2;Gojek;ini mode hematnya kemana ya kok di app saya gaada ya padahal nyoba yang deketnya 005 km tetep gak dapat tolong kembalikan fiturnya karena itu alasan pake gojek kalo ngga yg fitur baru gedein lagi harganya biar rp 30000 atau 35000max harganya;1
4;Gojek;ada aja oknum driver yg tidak menyenangkan seumur pke gojek atau gocar enak legowo cmn driver hari ini bikin saya speechless;1
1;Gojek;aplikasi jelek ayo kita ramai ramai tinggalkan aplikaai ini bukannya berbenah masalah managemen nya malah makin buruk makin ngeduitin jangan pake gojek lagi;1
3;Maxim;udh sering pake driver dateng cepet cuma untuk metode pembayaran bisa pake e wallet yang lebih stabil selain kaspro mungkin dana atau yang lainnya;1
3;Grab;jangan ada pilihan grab car hemat jika di chat drivernya minta lebih argonya lebih teliti lagi mencari driver khususnya driver grab car;1
2;Gojek;kok gw pas daftar ga bisa ya padahal no nya udah bisa nama udah bisa email nya juga baru tapi kok tetep ga bisa mohon bantuannya pihak gojek;0
1;Gojek;gojek yg skrng terlalu bnyak kurangnya membuat para pengguna gojek kurang nyaman memakai aplikasi ini udah banyak keluhan tapi tetap gaada perubahan sama skli heraannnnn;1
5;Grab;mobil datang dalam tempo yang cepat dan tak terlalu lama menunggu pengemudinya ramah dan sangat membantu penumpang;1
1;Gojek;padahal sy sudah pakai yg di prioritaskan tapi masih lama sekali dpt driver sampai saya harus bolos sekolah hari ini;1
1;Gojek;yang terburuburu jgn pesan gojek karna kata drivernya gak boleh ngebut emang dilarang oleh gojek semua driver gitu wajar aja saat saya bilang ngebut kak saya telat speed maximal 40kmjam ya pasti telat lah;1
1;Gojek;sudah dua kali nunggu gak dapet driver ga ada kepastian juga dari gojek total nunggu 1 jam 50 menit an ga dapet apa beda sama sebelah waktu dulu saya juga sering dapet kendala kayak gini makanya saya pindah aja ke platform sebelah;0
1;Gojek;sangat tidak adil dalam mengambil keputusan sesuka hatinya dalam menutup akun orang selidiki sampai tuntas akun2 palsu pelor yg merugikan mitra golek jgn asal pm mitra yg mencari nafkah buat keluarga;1
1;Gojek;tolong kepada it gojek setiap saya pesan goride motor driver di map tidak bergerak sama sekali dan tiba2 driver nya muncul kasihan driver nya kalau dapat jauh motor driver yg di map gak gerak2 tapi driver nya sdh di jalan;0
1;Grab;aplikasi udah banyak driver yang gak beres dan kasus aplikator nya juga udah bobrok gajelas penyelesaian masalah nya gak beres cukup kecewa sekian tahun pake aplikasi grab grab sekarang jadi aplikasi scam gajelas aplikator yang bobrok dan driver banyak yang bermasalah;1
4;Gojek;membantu utk transportasi lbh cepat mudah semoga lbh sering utk hrg discpromo jg keamanan attitude drivernya spy ttp baik tdk mengendor sukses;1
1;Maxim;untuk keamanan dan kenyamanan konsumen tolong di perhatikan bnyk akun driver yang memakai akun berbeda dengan kendaraan orang yang datang beda dengan data akun aplikasi orang plat nomor kendaraan beda grab sama gojek selalu sesuai ini maxim kenapa bisa seperti itu;0
1;Gojek;aplikasi yang coba jaga citra mitra driver gak beres dipertahanin bahkan review jujur jelek dihapusin giliran costumer direview jelek aja dibuat susah cari mitra minimal diperiksa dulu tuh kejiwaan mitra;1
3;Gojek;driver comfort banyak berlagu merasa dibutuhkan mkn lbh baik competitor gocar kayaknya yg sering saya alami nunggu lama tiba dibatalin ada yg alasa lagi ngopi hari ini sdh dikasi tau saya dilobi dia mutar2 di tempat saya trs chat minta dibatalin kan membagongkan;0
5;Gojek;menjangkau area yg jauh dari pangkalan ojek saat urgensi kita butuh transportasi yg cepat terima kasih gojek semoga makin sukses;1
1;Gojek;komplen uang dari bulan nov 2024 sampai desember 2024 tepat nya 1 bulan lebih gk ada rensopone di email gk jelas di wa swadaya gk jelas di chat ig gk jelas lepas tangung jawab gojek;0
4;Grab;titik mapnya tolong di benerin dong sesuai sama google males banget harus debat sama driver karena ga sesuai titik alamat sudah bener padahal;0
1;Maxim;tolong dong perbaiki sistem mapsnya kalau posisi driver masih jauh jangan di bilang 2 menit akan tiba nyatanya nunggu sampe 10 menit lamanya;0
1;Grab;grab aku knapa ya setiap mau pesan makan ataupun pesan transportasi selalu saja tidak bisa selalu saja ada notifikasi yang mengatakan permintaan mu tidak dapat di proses;0
5;Maxim;pengemudi wahyu rusmana welly dengan motorcycle warna biru nopol d6841ven selamat menikmati perjalanan anda rating 470;1
5;Gojek;tidak pernah dapat pengalaman buruk selama pakai aplikaso gojek puas responnya cepat harga terjangkau dan paling penting driver semuanya pada baik dan ramah;1
5;Grab;ngebantu buat pergi pergian suka ada promo potongan harga juga lumayan dapet driver nya juga gercep;1
1;Grab;navigasi grab sangat tidak bagus dan dipakainya gak enak tapi driver dipaksa wajib menggunakannya gak profesional dan memalukan;1
5;Maxim;hari ini saya memakai aplikasi maxim unt pertama kalinya alhamdulillah tdk perlu menunggu lama langsung dapat drivernya dijam sibuk meskipun aplikasi sebelah sampai bikin kesel dibatalin sopirnya ramah nyaman dan harga sangat murah dibanding yg lain terimakasih atas pelayanannya;1
1;Maxim;kami driver tersiksa udah bayaran kecil salah penumpang dan penumpang laporin yg gak2 kami yang kena pbo aplikasi teraneh setidaknya ikutinlah gojek shoope lebih menjaga mitranya;1
5;Gojek;bagus dan sangat memuaskan pelayanannya bagus semoga makin maju dan sukses makin banyak memberi diskonpotongan harganya makasih gojek atas layanannya yang cepat dan mantap;1
5;Grab;kalo bisa driver kaya pak budi aditomo pelayanan nya mantap pol jarang jarang juga ada driver mau pergi ngucapin salam;1
5;Grab;semakin bebas kendaraan tidak sesuai di aplikasi aplikasi cancel tidak ada sangsi yang bikin driver kapok;0
1;Gojek;aplikasi mau untung besar saya byar normal driver di kasih gocengoia klo pilih it tolong jgn ya magang yamau untung bnyak sring eror sistem;1
1;Gojek;tolong perbaiki lagi maps nya kok tdi sudah pesen sesuai alamat tapi titik nya tidak sama dengan alamat yang di tulis sama tolong seleksi lagi drivernya kebanyakan orangnya pada gak sabaran dijalanan;0
5;Grab;alkhamdulilah sopir nya baik semoga rezeki nya makin lancar berkah dan barokah nggeh serta sehat dan bahagia selalu bersama keluarga;1
1;Gojek;saya kecewa dengan gojek karena unk mendapatkan kan gocar selalu posisi jauh dari lokasi saya menjadikan lama menunggu unk keperluan yg penting jadi tidak tepat waktu;1
2;Gojek;hallo saya mengalami kendala dengan akun gojek saya kenapa akun gojek saya tiba tiba tidak bisa digunakan keterangan masukkan pin go to pay sedangkan pin yang saya gunakan selalu terdeteksi salah;0
4;Maxim;tolong perbaiki lokasi map nya agar lebih gampang utk driver mencari alamat dan tambahkan fitur foto di dalam obrolan agar driver tau yang mana customer nya;0
5;Gojek;untuk pengiriman ok tapi tolong tambhkan ongkosnya karena kebutuhan pelaku gojek sangat naik dinegara kita terimakasih;1
4;Maxim;bagus ih tapi tolong di permudah cari titik maps nya titik lokasi nya susah bgt;0
1;Gojek;mau pada demo minta thr nganterin pesenan kendala ujan dikit aja pada males ngambilpayah mitra nya dah gojek lemah;1
1;Gojek;aplikasi disaat jam sibuk dan saat hujan suka mengalami gangguan drivernya dapat yang jauh lalu tiba tiba ketika sudah dekat mencari driver baru;0
4;Maxim;tolong dong kasih tau driver motor cuman di tinggal minjem duit hp di bawa kabur sama driver kejadian kamis sore naik dari pademangan ke pesing hp di bawa kabur;0
1;Gojek;gojek aceng kantor yang tidak bisa memanusia kan manusia coba in orang kantor jadi driver 5000 kasihan driver mu kata nya kaya anak bangsa;1
2;Gojek;tolong pencarian drivenya di perbaiki setiap kali saya memesan goride selalu dapat yang lokasinya jauh sekali;1
4;Grab;aplikasi membutuhkan ruangmemori yang banyak sehingga pada saat memori penuh aplikasi tidak bisa berjalan dengan lancar;1
4;Gojek;selalu memberikan diskon utk gojek maupun gocar tp ada juga yg mengecewakan saat kalo ujan gocar selalu membatalkan ke arah rumah sy;1
1;Gojek;banyak driver ngeluh di bayar 5000 padahal customer bayar ongkir mahalada yaaaa aplikator setega itu sama mitra nya yg jelas membuat nama gojek dri awal ada sampai sekarang bagaimana ini presiden prabowo tolong berikan perlindungan hak hak mereka;1
1;Grab;tolong dongsaya pesen gc plus kok malah yang dateng bluebird mana supir nya jutek lagigak seperti mitra grab yang beneran dari grab;0
1;Gojek;gak jelas dapet driver yang jauh jauh terus saya selalu telat berangkat kerja tolong di perbaiki dongg;1
1;Grab;8 sampek jam 9 belum dapat driver tapi di cancel gak bisa emang mau di suruh sampek berapa jam;0
1;Grab;uda 3 hari pesan express gak dpt driver di chat ke adminnya katanya hujan org cerah bgtu masa iya sampai 3 hari plus hari ini 4 hari ujan setiap hari pdhl jaraknya cuman 15km;0
1;Maxim;driver buruktarif tidak sesuai suruh tambah ongkosnya mending gak usah installmurah hanya diaplikasi real nya driver minta tambah;1
4;Grab;percuma ada voucher grab hemat ujung ujungnya driver minta di offline kan karena ongkos dianggap kemurahan hadeehhh auto uninstl;1
1;Grab;hatihati untuk area cikupa dan gading serpong ada driver yang purapura tidak tahu tempat tujuan dengan alasan gmaps error dan lainnya jika minta nomor telepon jangan diberi karena akan dispam telepon dengan ancaman tidak jelas;0
1;Grab;dididik ya driver nya jangan gatel nanya nanyain halhal ga penting kek emang perlu bgt nanya privasi boleh gue spill ga nama driver sama plat nya disini wkwk;0
5;Grab;sangat tidak nyaman di daerah saya banyak driver tapi saya pesan tidak ada yg merespon;0
1;Gojek;bikin crash aplikasi ke yang lain jdi susah multitasking gojek driver jadi kerestart kalau buka gojek customer;0
2;Maxim;maxim tlong kalau mapnya ga bs akurat minimal edukasi drivernya liat catatan dari customer nya gara2 map brmsalah saya hmpir kelahi sama drivernya krn nyalahin saya kasi titik tujuan yg salah pdahal saya sudah ksi catatan tp ga dibaca;0
1;Maxim;driver mobil nya udh kyk angkot nyalip langsung motong jalan orang di didik lagi tuh driver nya skill angkot jangan di bawa di online nge bahayakan orang aja;1
5;Gojek;aplikasi sudah di update notif pengaturan sudah di setting tapi kena tetep gak muncul notif nya ya harus masuk ke aplikasi dulu buat ngecek driver ngechatposisi;0
5;Gojek;pendapat saya untk para ojol kalo lagi liat uplikasi jng di tengah jln menggangu pengendara lainnya dan jngn lpa lampu sen klo kanan jngn belok ke kiri trimakasih;1
1;Gojek;setiap dpat gojek pasti gk ada yg ramah gk jelasss ni apk min tolong dong masa di setiap gua mau naik gojek mala dapat yg gk ramah;1
1;Gojek;khusus driver gocar susah setengah mati kalo tarif murah sering di batalin buat apa lu jadi mitra;1
4;Maxim;nunggu penumpang lama bisa kena biaya tambahan nunggu drivernya lama ga bisa kasih jempol ke bawah atau kompensasi lain;1
5;Grab;terima kasih grab dengan driver yang sangat ramah bisa menjadikan aplikasi grab ini semakin lebih baik;1
2;Maxim;susah kalo kena sip malem buat pulang aja nyari kendaraan pake maxim susah banget driver nya pada nolak semua;1
5;Gojek;aplikasi paling is the best aplikasi ini berguna sekali buat orang para pekerja yang pulang kerja nya malam ini bisa banget jadi transportasi online;1
1;Maxim;terlalu banyak driver maxim yg tidak menggunakan atribut terutama di sore hari belum lg klw plat motornya berbeda;1
1;Grab;sumpah grab klo emang gak dpet driver harusnya bisa dibatalkan ada tulisan pusat bantuan tapi gk guna;1
1;Gojek;tolong di perbaiki apk drivernyasaya sebagai driver gojek bingung karena fitur selalu berubahkadang masuk slot denpasarkadang regulermohon tanggapannya;0
2;Gojek;tolong diperbaiki maps nya rutenya muter jadi ongkos lebih mahal daripada biasanya drivernya jg lewat jalan biasa dan tidak mengikuti maps nya;0
1;Gojek;ga jelas maps nya gocarmasa mobil di suruh masuk gang kecil emangnya motor golektlng perbaiki mas nya jgn buat driver pusing otomatis customer jg lama nunggu nya;1
1;Gojek;ini driver gocar belagu amat yaaa najeng di cancel muluuu kejauhan lah macetlahh ini lah itulah tolong dong dipilih drivernya yang mau kerja jangan cuma nyari trip jauh aja susah amattt nyari driver berkali di cancel belagu bangt najs;1
5;Maxim;saya sdh mncoba bbrapa x pelayanan cepat hrg murah driver cermat sehingga kami sampe d tujuan tpt waktu;1
1;Gojek;kaga jelas lama2 masa harga naik setiap hari di jam berangkat kerja gojek lama2 makin kaga jelas uninstal ajah teman2 ini apk penyedia layanan ojek kaga jelas;1
2;Gojek;driver oke tapi titik di maps aneh susah ngepasin jadi sering salah tolong benerin maps nya;0
1;Gojek;untuk apk ok permasalahan cuna di driver aja kebanyakan tidak merespon dan tidak profesional mohon untuk gojek lebih menegaskan para driver nya;1
1;Grab;aplikasi gak guna anjir nunggu driver doang ampe 45 menit lebih mana lagi gk bisa di cancel;0
2;Gojek;aplikasinya bagus tapi ada driver berkata tidak sopan dia bilang bungol seperti kata dari kalimantan sepertinya;1
1;Gojek;nyesek banget mau ke rmh sakit pesen gocar dr yg hemat sampai prioritas 1 jam lebih gak ada yg nyantol;0
5;Grab;jarak deket harga ga hemat tp dpt driver keseringan posisi jauh kenapa yaaaa mengesalkan lama bangeeetttt;1
1;Maxim;kenapa banyak driver gak mengerti gak hafal jalan emang google maps tidak selamanya membantu menyesatkan tapi paling tidak pihak maxim lebih memperketat lagi buat menyeleksi drivernya yang betul mengerti hafal jalan kalau perlu di adakan sekolah mengemudi lagi buat drivernya biar ngerti jalan;1
5;Maxim;sejauh ini wort it pake maxim sih dibanding yang ijo2 driver nya pada lelet2 klo jemput dan ribet maxim tinggal bang saya disini gak lama dateng dan driver twu jalan gak ribet;1
1;Grab;niat mau pesan grabcar di suruh selfie udah naik turun kepala suruh pasin ini itu ttp ga bisa verifikasi bikin emosi malahan;1
1;Maxim;min saran yo kalau udah deket drivernya di navigasi bikin tombol cancelnya hilang aja nanti malah driver marah ke penumpang saya emang salah udah minta maaf kalau dibesarbesarin nanti penumpangnya malah kenapa kenapa kan gak lucu min;0
2;Grab;grab maps nya belum sempurna driver sudah hampir sampai rumah keliatan gajalan sama sekali tolong customer grab diperhatikan lagi jika mau ngancel kasian performa turun jadi anyep;0
5;Maxim;pengemudi hendriko mendrofa dengan motorcycle warna abuabu dan biru nopol bp2317om selamat menikmati perjalanan anda rating 495;1
1;Maxim;najiss engga lagi deh pake maxim titik penjemputan di cilangkap depok tuhuan kramat jati jaktim bisa bisanya driver gak tau jalan nyasar sampe mall cibinong;1
1;Gojek;saya naik kereta malam sampai palembang sekitar jam 3 setiap datang ke palembang setiap pesan go car selalu di cancel oleh driver kenapa para driver seperti itu ya alasannya ada yg estafet customer la dll;0
5;Gojek;selama ini saya blm pernah menggunakan gojek transportasi ternyata selain murah dan memudahkan kita cepat sampai tujuan dengan keamanan terjamin karena kendaraan dan pengemudinya terdaftar di aplikasi jadi jangan takut lagi menggunakan gojek;1
1;Grab;ini driver kalau kalau kita pake promo biar murah malah gak ada yg mau ngepick kalau pun ada sengaja di lama lamain hadeh;1
1;Gojek;tolong min untuk bug pembayaran masak iyaa di pembeli gratis giliran di gojeknya bayar jadi serasa ada sistem yang ngebug uangnya gak seberapa tapi bikin hati dagdigdug diluar ekspetasi kecewa berat udah updet min;0
1;Gojek;udah pesen harga gojek yg paling tinggi bukan hemat tetep aja dpt gojeknya jauh kocak ngelawak bngt sistem lu gojek;1
1;Gojek;aneh saya bayar lancar ajaknp paylater saya diblokir gimana mau dipakai kalau begini gak ada penjelasan tau tau diblokir aja;0
5;Maxim;aplikasinya ok sayang ada oknum drivernya gak proporsional menfcancel setelah penumpang naik dan membawa penumpang tidak melalui aplikasi sangat membahayakan;0
1;Gojek;tiba2 langganan gojek plus 90 days padahal ngga pernah pakai trial atau apa mana ngga bisa direfund lagi 34rb melayang yang manfaatnya tidak saya ketahui tolong tim gojek balas respon saya saya mau refund bukan pembatalan langganan refund;0
1;Grab;grab kok akhir akhir ini layanan nya malah turun yapesan dgn tarif hemat 5 kali di batalkan driver perlu perbaikan ini;0
1;Gojek;segala cara pembayaran dilakuin otomatis biar bs langganan terus ya wkwk 2bln langganan goplus gaada benefitnya sama sekali cuma buang2 uang aja;1
3;Maxim;pesan car pdhl pake kode voucher driver minta pembayaran normal car ongkos dekat sering minta cancel bike oke apk paling cepat penjemputan ketimbang aplikasi lain tapi bannyak driver gagap baru terus membahayakan membaca map gelagapan;0
1;Gojek;tolong bila mana ada driver cancel kami para penumpang di beri kompensasi dan sebaliknya bila penumpang yang cancel kasih kompensasi ke driver;1
1;Maxim;tolong donk maxim kl nerima driver tuh di pilih dl kendaraany jngn mentang mentang ongkos murah kendaraan driver kebanyakn yg udh ga layak dinaikin customerbikin telat kerja aja;1
3;Maxim;tolong dong min di tindak lanjutin kenapa saya malah dapet driver yang uda saya rating karena bermasalah;0
5;Maxim;sangat membantu sekali aplikasi nyaman dan mudah di gunakan driver tepat waktu dan ramah pelayanan oke;1
1;Gojek;aplikasi paling gak guna makin ke sini driver sering cancel gak mau ambil dengan seribu alasan tidak ramah pengguna;1
3;Gojek;halo gojek bisakah kalian menyediakan verifikasi via gmail karena nomor whaatsap dan sms yang diregistrasikan sudah lama tidak aktif dan pin akun saya juga lupa bisakah kalian membuat metode verifikasi melalui email terimakasih gojek;0
1;Grab;saya kecewa dengan driver grab yang kurang ajar apalagi driver grab malaysia rata2 pemalas tolong pihak grab malaysia di pertegas sedikit;1
5;Gojek;saya pernah pakai aplikasi gojek ini kamu juga bisa download aplikasi gojek ini bisa di play store dan app store;0
1;Gojek;udh lama bgt sampenya pdhal deket eh drivernya ngluh ongkos 5rb doank pdhal saya bayar full umr naik driver masa cuma 5rban;1
4;Gojek;apk nya bagus mungkin yang harus di perbaiki hanya sikap sebagian driver yang kadang buat customer gedek sebelah nya ok sih;1
1;Gojek;drivernya malas hujan dikit aja ga ada yg terima padahal banyak yg standby pada nongkrong gitu drivernya banyak nuntut hasil;1
5;Maxim;mudah pesan nya dan lebih murahdriver nya juga banyakselama ini belum dapat driver yang rese sih;1
1;Gojek;bad experience pake gojek car driver nya lamaa banget sampai dititik jemput ada hampir 50menitan padahal normalnya 10 menitan dan jalan lagi gak macet cuaca cerah udah gitu gamau berangkat sebelum ditambahin tip mentang mentang pake diskon pengguna baru jaid ogah ogahan lol si driver;1
5;Gojek;gojek memang okey deh gak pake nunggu lama sdh dijemput dan rata2 penjemputnya ramah2 friendly gitulah;1
5;Gojek;sulit mendapatkan driver gojekgocar apa lg wkt sore dan hujan alasan tarif murah dll dan tarif sore atau pagi berbeda jauh dgn jarak yg sama potongan tidak begitu membantu;0
1;Maxim;nyari alamat susah titik suka mleset susah dapet driver giliran dapet chat susah tlfn susah fhoto di chat ga ada di marahin driver katanya akunnya ga di kasih nama mana saya tau kapok pesen maxim driver uring uringan katanya argo ga seberapa;0
1;Gojek;gw maau cancel gegara ga dapat driver soalnya ujan udh nunggu 1 jam ga dapat dapat mndng gw nyari sndiri gw udh cancel katanya otw mana;0
1;Gojek;niat apa enggak sebenernya bikin aplikasi setiap pesen sllu gk prnh dpt driver udh cpk2 nunggu ujung2 nya gk jd;1
5;Gojek;geudd sering sering banyak voucher jgn pelit juga buat bagiin ongkir ke mitra driver kasian lohh;1
5;Grab;pada umumnya driver grabbike maupun grabcar ramahramah dan kalau kebetulan saya buruburu driver siap membantu senang saya naik grab;1
5;Gojek;gojek aplikasi asli buatan anak bangsa indonesia gue bangga menggunakan aplikasi ini alamat developernya pun ada di jakarta;1
5;Gojek;gojek salah satu alat transportasi yang terpercaya dan membrikan kenyamanan bagi konsumen maju trus gojek;1
1;Grab;saya nggak baru kemarin pakek aplikasi grab sudah bertahun2 kenapa hari ini pengemudi membuat saya marah dimana sopan santunnya dimana cara membuat pengaduan tentang masalah ini mohon untuk pihak grab lngsung direspon tentang aplikasi saya hari ini juga;1
4;Gojek;admin mohon di pantau ya untuk go car nya kenapa para driver masih ada memasang tarif di luar aplikasi di aplikasi 26rbu tapi driver nya meminta ongkos 50 ribu;0
1;Gojek;aplikasi rakus yang di maki maki konsumen kita bayar mahal driver dapet separonya yg kena semprot konsumen moga tobat dah gojek;1
1;Gojek;gimana sih gojek no masih aktif tpi lupa pin karna hp lama hilang gk bisa masuk bantuan gk ada yg jelas dari aplikasi nya;0
1;Gojek;tolong untuk goride di tampilkan apa merk kendaraan nya kalian aplikasi aja mahal tapi kualitas jelek apalagi goride saya selalu dpt motor jelek ga layak jalan;1
1;Grab;haduhhhh grab gimana ini saya lagi urgent malah di cancel terus sama driver udah hampir 2jam nunggu gaada yg pasti;0
2;Gojek;drivernya ga jelas selalu minta cancel alasan titik penjemputan jauh kalau saya cancel saya dapet driver makin lama kalau dilanjut drivernya yg minta cancel enakan pake ijo sebelah drivernya jarang cancel dan lebih sabar plus mobilnya bersih app ini mobilnya pada bau rokok;1
3;Gojek;gojek tolonglah mapsnya benerin jangan kasih rute terpendek tapi jalan yang dilalui menyulitkan driver tolong berikan rute tercepat bukan terpendek secara maps masa dari pondok indah ke bekasi 60 ribu tapi ketika buka google maps diarahin rute tercepat lewat toll jadi 30km;0
5;Grab;tolang para pelanggan terrsayang mohon diperhatikanlah si abang drivernya iya dah pake banyak diskon dari grab masa ngasih parkir 2rb aja sepele bnget yaampun;1
5;Grab;terimaksih telah mempermudah transportasi bagi saya yang rumah nya jauh dari jl raya sangat sangat membantu;1
1;Maxim;setelah update udah gak bisa liat posisi driver yang ada di sekitar kita mohon di tampilkan lagi posisi dirver di maps seperti sebelumnya terimakasih;0
1;Gojek;sistem terburuk selama bertahun2 perbaikan pengoptimalan tidak ada yg berarti saya menunggu driver sangat lama tidak kunjung dapat sistem terburuk;1
1;Gojek;jangan download mending maxcim lebih murah gojek mahal kadang kata driver nya suka korupsi kita bayar 20 driver dikasih 8k saya dikasih liat drivernya;1
1;Gojek;dari dulu sampe sekarang masi aja seperti itu nih gojeksaya mau login tapi saya lupa nomor lama sayanyuruh memulihkan akun masi aja minta nomor yang lama kan saya lupa nomornya ngasih bantuan gak masuk akal;0
5;Grab;garb di semarang cukup memuaskan penjemputan sangat cepat dan perjalanan cukup nyaman drivernya sangat nyaman;1
3;Grab;masukan utk grabjgn memberikan driver terlalu jauh dari lokasi pemesan kadang di dekat ada driver malah memberikan driver yg jauh jg penumpang menunggu terlalu lama jadi blm bintang 5 ya;1
1;Grab;bayangin grabcar chat bawa orang stroke langsung di cancel ini ga cuman sekali udau berkali kali;0
2;Gojek;aplikasi makin lama makin jelekkkk udah berlangganan dari 2021 bukannya makin di perbaiki malah makin jelek orang buru urgent mau pesen ojek malah aplikasi ngebuk gak bisa kebuka menu goride nya gak bisa kebuka hadehhh;0
1;Gojek;di update versi terbaru malah error ini geogle map gojek nyatolong dong di perbaiki geogle map gojek nya biar akurat dengan lokasi tujuankasih rute yang pas di lalui;0
1;Gojek;aplikasi suka error saya pakai hp flagship berati error dari aplikasi tidak bisa buka chat kadang buka menu error kasian driver yang chat tidak dibalas;0
1;Gojek;cs bayar full ongkirke driver goceng gak kasihan kau ngasih driver mu goceng gak pantes jekbrp persen kau makan itu duitgila si ini;1
3;Grab;tolong kalo seleksi drivernya minimal tahu lokasi kota yang diambil jangan mengandalkan titik sudah sesuai saja ga usah jadi driver kalo ga tahu lokasi;1
4;Gojek;cape bngt sama drivernya masa cuma minta masuk gang cancel semua posisinya lg buru bngt lglayanan gocar nya minus;1
1;Gojek;diskon nya dikit bgt padah udh langganan pake gojek saran aja kalo pengguna langganan dikasih diskon;1
2;Maxim;driver nya kurang baik trs di cancel mulu sama drivernya jdi tolong dong lbh konsisten lagi;1
3;Gojek;sumpah hari ini susah banget dapet gocar nya padahal lagi ngejar kereta udah nyangkut sama driver kirain lama bener mau jalan tau nya dah nunggu lama dia cancel;1
1;Gojek;aplikasi jelek ganti2 driver sampek 3x pesan dari jam 646 sampek jam 720 belum sampek padahal dekat aplikasi djancok;0
5;Grab;layanan yg baik dari orang yg baik pula kita sangat suka dengan mbanya pula karna tlah kemudiian kami sampai di hotel dgn baik maaf jika didlam perjalanan sedikit merepotkan;1
5;Maxim;makasih bapakkata anak saya diajak ngobrol seru bapak nyasehat selalu ya bapak amanah kerja nya lancar juga rejeki nyaaamiin;1
1;Grab;dimana saat kondisi hujan driver tidak mau menerima dan aplikasi di hidupkan sama driverkalok tidak menerima setidaknya di offkan aplikasinya dan dengan alasan hujan meminta tips lebih;1
1;Gojek;masa saya peripikasi wajahterus malah ke putus mitra kan pake muka saya akun pribadiyang pake juga saya aneh gojek;1
1;Maxim;banyak driver nya yg minta bayaran tidak sesuai dengan yg tertera pada aplikasi khususnya area kota kupang ntt tolong untuk maxim lebih di teliti lagi dalam perekrutan driver jngan orang gila d acc jd driver;1
1;Gojek;gojek gak guna masa mau login gagal terus terlalu banyak mencoba malah disuruh nunggu 1 jam pula dasar aplikasi gak guna;1
1;Gojek;tidak bisa menyelesaikan masalah saya saya salah transfer ke akun lama saya dan dari pihak gojek tidak bisa bantu membuka akun lama saya saya tidak ikhlas dunia akhirat;0
3;Grab;sekarang lihat perjalanan driver di maps jadi lompatlompat sulit dipantau tidak seperti kemaren titik lokasi perjalanan driver berurutan jadi mudah dipantau driver sudah sampai mana mohon diperbaiki;0
1;Gojek;indonesia mengutamakan kemanusiaan kalo sistemmu tidak manusiawi dan serakah potongan driver dan aplikasi hampir 40 lambat laun gojek akan hancur di masa mendatang;1
5;Maxim;driver maxim di tempat saya banyak tidak pakai atribut jadi raguu apakah drivernya sesuai di app atau tidak tolong dipantau di area parepare sulawesi selatan;1
5;Maxim;saya senang dengan pelayanan maxim ojek online semoga harganya tetap terjangkau dan tetap mempertahankan kepercayaan dan kualitas pelayanan yg baik;1
2;Gojek;pesan gocar dapat yg jauh mulu pengemudi juga sering milih milih argo pdhal kita dapat harga dari aplikasi mohon diperbaiki layanannya sebelum banyak yg pindah aplikasi;1
5;Gojek;sering sering adain promo pliss buat kaum mageran ini whort it bgt udh gtu gojeknya juga murah bgttt cuma goceng tapi ya gitulah;1
1;Grab;driver dari sini kurang ajar udah tau salah malah ngotot malah narik baju di jalanan daerah mall lippo karawaci 26012025 930 di periksa lagi drivernya yg kurang ajar itu;0
5;Grab;okesemoga dengan ada nya layanan grab inisemoga selalu bisa memuaskan hati costumer dan driver juga dari soal tarif;1
4;Gojek;sekarang gojek susah respon selalu keluar mulu semenjak diupdate versi baru males jadinya udah saya uninstall;0
2;Maxim;kesan pribadi dr saya memesan maxim peta sudah di titik yg tepat tapi tidak bisa pass pdhl sudah benar pencarian untuk driver sangaaattt lama sekali dann endingnya gagaleror bahkan tidak berfungi untuk memesan;0
1;Maxim;untuk aplikasi maxim tolong lebih peka terhadap akun fiktif kasihan driver kalau dapat susah mencari uang tapi sering ada akun tipu karan driver tergiur sama ongkir nya;1
2;Grab;tolong untuk ada fitur cepet jemputnya soalnya kita pelanggan juga perlu cepat nanti kalau dibatalkan gara lama terus kena suspend kita sbg pelanggan di viralkan karena kurang memahami driver tolong sekali;1
5;Maxim;drivernya baik sampai rumah dg slmat pokonya enak maxim drpd ojol mksh driver pelayanan penumpang dgn baik;1
3;Grab;tolong pihak grab perbaiki map nya susah sekali terkadang mencari lokasi malah terkadang bnyak yg salah titik dan alamat tidak sesuai;0
1;Maxim;maaf untuk awall awall emng bagus tapi semakin sering make pelayanan sangat buruk dan terutama driver mobil sangat tidak ramah kasar sudah diberi tau alamat yang benar driver tetep ngeyell ke alamat yang salah dan diberi tahu malah marah marah tolong diperhatikan lagi;1
1;Gojek;sekarang gua malas pakai gojek lg paylater nunggak 2 hari aja udah di telpon terus padahal gua udah bilang besok gua gajian pas gua lunasin semuanya ehh malah di blokir paylater gua makanya gua udah ga pakai lg gojek;1
1;Gojek;kalo memang ga dapat driverrrr ya cari lagi drivernyaaaa masa kita udah nunggu tau2 di cancel cuman gara2 gada driver lagian masih belum jam malem masih jam 7 malam loh tadi pesannya;1
3;Maxim;murah tapi nda bisa non tunai ada fiturnya tapi nda bisa dipakai karna driver tidak pakai non tunai maps sulit kalau cari lokasi;0
2;Grab;tolong grabcar xl kenapa hilang grab car new plus terlalu mahal mohon koreksi untuk grabcar xl;1
4;Grab;saya sengaja milih ongkir yang agak murah tapi malah error nah pas saya milih ongkir yang mahal kenapa malah lancar padahal sinyal bagus waktu saya pilih ongkir yang murah;1
5;Grab;terimakasih dengan adanya grab sangat membantu dan memberikan kemudahan dalam perjalanan kepada setiap orang yang telah membutuhkan nya;1
5;Gojek;aplikasi nya sudah bagusbanyak fitur dan animasi yang menarik menurut saya aplikasi ojol paling bagus adalah gojekmungkin perlu ditingkatkan lagi secara manajemen dan juga efektifitas operasional sehingga harga sahamnya bisa naik;1
5;Maxim;assalamualaikum bagi kk admin driver saya tinggal di padang kota sering dengar keluhan dari driver maxim nya di karna tempat penarikan uang ewallet nya tidak ada yg terdaftar di khusus padang kota kasian driver nya;0
4;Grab;perdana down loadpesan grab careh malah suruh d batalkan aplikasi k offline sajamana lebih mahal lg dr grabmohon buat driverjangan memanfaatkan keadaanmana orang baru mana langgan;1
3;Grab;terkadang mendapatkan pengemudi ojek online yang terlalu jauh bahkan didapatkan dari tempat tujuan kurang optimal dalam mendapatkan pengemudi yang dekat;1
1;Gojek;sering dapet driver manja padahal titik jemput 2km tapi di cancel terus udah 5 kali ada yang ga di bales waktu di chat ada yang nunggu lama padahal ga dateng dateng al hasil waktunya lama banget buat nunggu 1jam nunggu driver padahal lagi buru buru;0
2;Gojek;apps bikin ga enak hati kadang driver udah datang tapi kita gajadi berangkat atau tiba tiba hujan dulu bisa si driver jalanin aja tanpa penumpang seengganya kita ga ada perasaan ga enak sekarang gabisa dan bikin driver jadi ngamuk ke customer;1
4;Gojek;drivernya bagus ramah dan cepat cuma hampir 5 hari saya ga pakai karena tidak bisa masuk akun karena alasan jaringan pdhl jaringan saya lancar gojek tolong perbaiki aplikasinya yah terimakasih;0
5;Maxim;aku suka sama bapa nya lemah lembut sopan baik banget enak bawa motor nya pelan gitu thee besttt buat bapa semoga dapet menumpang banyak semoga lancar rezeki nya aamiin;1
1;Maxim;gak bisa dicancel dichat pun gk bisa gak seperti aplikasi lain kasian drivernya tambahin menu chat kek di aplikasinya;0
1;Gojek;ga pernah telat bayar paylater malah di block paylater nya tanpa pemberitahuan terlebih dahulu chat ke gojeknya malah robot yg jawab kecewa bgt udah mending uninstall ajaa;0
5;Gojek;semuanya juga bagus aman cepet ngambil drivernya apk juga ringan untuk hp harganya juga murahh apalagi sayaa anak sekolah pertahanin yawh;1
5;Gojek;lebih hemat dari yg laen pasti nya trs bnyk pula driver nya kepuasan anda adalah tujuan kami itulah gojek;1
1;Grab;knpa cari sopir grb tujuan rs pon itu susah nya ampun banget kebanyakan sopir grb nya langsung dicancel;1
1;Grab;makin kesini makin berat buka aplikasi lama loading ny ga kaya dulu driver juga kadang suka pake motor ga sesuai plat nomer yang terdaftar;1
3;Grab;sangat membantu tapi sering saya temui driver yang meminta bayaran lebih atau kita memesan 2 tempat tetapi baru sampai satu tempat sudah di tandai selesai perjalanan usahakan pihak grab menyediakan fitur block driver tq;0
3;Maxim;pengemudi angelinus yos bernad reshsy dengan motorcycle warna hijau tua nopol eb2319ed selamat menikmati perjalanan anda rating 495;1
1;Gojek;banyak mobildriver tapi nggak ada yang respon entah aplikasinya yanh kurang bagus atau memang drivernya yang tidak profesional;1
5;Grab;sangat membantu sekali untk kita2 yg pngn aktifitas tp terkendala hujan solusinya ya grabcar mksh grab;1
1;Grab;customer yang platinum ya jangan dikasi ke driver yang bintang nya 49 dong gimana sih buat sistemnya;1
5;Gojek;gojek tolong buat fitur memberi tip ke driver saya kemarin mau memberi tip ga sengaja keluar terus gabisa ngasih tip lagi;1
5;Grab;driver nya baik karena pas hujan menyediakan jas hujan jadi perjalanan sy tidak terhambatjadi tepat waktu terima kasih semoga sehat selalu dapat rejeki banyak yang berkahi;1
1;Maxim;aneh banget pengemudi nya anehaneh aplikasi aneh waktu tunggu di aplikasi 10 menit dirungguin 10 menit berganti tulisan dricer akan segera sampai padahal driver masih sangat jauh alhasil nunggu driver sampai 40 menit mau di cancep gaenak sama driver nya;0
5;Gojek;yg pada kasih bintang jelek gk usah pke gojekbanyak bacot semua gk tau dirinaik ojek pangkalan sono;1
1;Gojek;jelek bangettttt susah dpt gojek pdhl di sekitar banyak malah dapet yg jauh jauh jarang ada promo perjalanan dekt aja malah dimahal mahalin;1
1;Gojek;sangat mengecewakan gojek di area tuluangagung saat jam 5 soregak ada satu pun yg dapat gojek carmotor;0
1;Grab;susah cari driver pas temen gw cewek yang cari langsung dapat padahal kita baren aplikasi aneh;1
1;Gojek;saya di ban dari gojek karena cancel oke aku salah apa gk bisa balik lagi padahlkan aku udh pakek ktp mana bisa buat akun baru lagi klau gk bisa ywd pilihanku sisah 1 berarti grab;0
1;Gojek;susah dpt driver go car yg baik di apk ini singkat crita pesen gocar xl dpt mobil yg kursi blkng kcil parahhhh;1
5;Maxim;mantab coi maxim murah bet murah driver nya juga cepet nyampe nya terus sampai ke tujuan dengan cepat dan selamat mantab maxim lebih bagus dari gojek;1
1;Gojek;kenapasih driver skrg ga bsa bgt di andalinsusah bgt dptnya heran pd gamau dpt rejeki ya;1
1;Maxim;menu pencarian tujuan masih kurang lengkap masa sekelas bandara internasional tidak ketemu di aplikasi maxim aneh kan;0
1;Gojek;driver banyak alesanya penuh biar bisa nambah layanan prioritas 3000 baru bisa dapat driver gini kok konsumen bener sebagian pada kabur kasian drivernya banyak yang nongkrong;1
2;Gojek;khusus jember mobil kotor bau dan tidak nyaman tolong d ada cek fisik kendaraan secara berkala;1
1;Gojek;jika hujan lama sekali dapat drivernya padahal udah relain pake tarif besar tapi gaada beda nya;1
1;Gojek;pesan gocar tidak ada yg mau jemput karna argonya kecil pesan motor tidak mau jemput karna jalurnya macet pusing saya padahal gojek termasuk mahal dari yg lain pakai ini pas promo saja;1
1;Gojek;mahal di pajak murah di ongkos drivernya gak pake tes apa2 banyak driver maksa minta tip;1
4;Maxim;kok driver maxim pada bawel ya ga pada santuy seperti driver go kalau mau kesejahteraan jangan jadi ojol yang udah ga ada pilihan mentok kerja di perusahaan atau usaha baim kalau mau hidup makmur;1
1;Gojek;tolong dong drivernya jangan so masa saya tiap mesan pas hujan gaada yg mau ambil jdi bingung saya klo lg urgent pas hujan gaada yg mau ambil pdhl biar ada ojol gni bisa mempermudahkan ternyata nggak kecewa;1
5;Maxim;kerenn pelayanan drivernya hujan deras macet tetap dijalankan dengan baik tanpa mengeluh mksih bang driver akhirnya sampai tujuan juga;1
1;Gojek;pesan gocar sampe berjam nggak ada yang mau padahal banyak driver di sekitar apa mungkin karna argo kecil jadi pada ga mau ambil kecewa aja sih sama apps ini bukannya memudahkan tapi malah gajelas;1
3;Gojek;bintangnya jadi 3 dulu ya gojek enak banget kalo urusan makan tapi kalo gocar sih tidak worth hari ini saya dicancel 6 kali sama mitranya;1
1;Maxim;aplikasi sampah driver nya urakan tidak ada perlindungan untuk konsumen penipuan argo driver muter2 ga jelas padahal rute cepat ada sengaja supaya biaya mahal mau di report tapi manajemen ribet sangat tidak praktis kalo bisa bintang 0;1
2;Gojek;saya menyarankan untuk melakukan verifikasi jika ingin memesan dua ojek karna tanpa verifikasi selalu ke pesan dua ojek sedangkan saya ingin memesan satu;0
2;Gojek;bisa di filter lagi ga driver2nya pihak gojek entah mtr atau mobil kalo lagi hujan susah parah tarif naik 50;1
5;Gojek;bagusminta tolong lebih banyak promo untuk gocar sama goride comfort supaya bisa menikmati perjalanan dengan hemat dan nyaman terima kasih;1
4;Gojek;kita tau semua itu gak ada yang sempurna sedikit pengalaman yang agak mengganggu hati salah satu oknum ojek yang mungkin harus nya nggak terjadi lagi bohong perihal tarif kalo offline lebih mahal ongkos nya mas ojek said;1
2;Gojek;ini tolong bener kacau selalu kacaunya apalagi gocar kalau emang lagi nganter penumpang driver nya itu ga usah ambil penumpang dulu coy plis lah lama kami nunggu tolong di perbaiki lagi;1
1;Gojek;lama dapet driver estimasi 30 40 menit udah 2 jam ga sampe sampe kacau chat bantuan berbelit belit;0
4;Gojek;lumayan tapi mohon untuk tujuan maps nya tolong lebih di perjelas lagi masak saya mau ke stasiun kepanjen malang malah tidak ada di maps gojek;0
1;Gojek;susah banget nyari driver sekarang sering di cancel apa lagi gocar sering banget cancel entah kenapa sekarang susah banget;1
5;Gojek;saya suka aplikasi gojekdengan aplikasi gojek saya bisa memesan apa saja yang saya mau terimakasih gojek sudah hadir di hidupku;1
3;Gojek;maaf masih kasih bintang 3 karena menurut saya masih kurang di masalah verifikasi wajah padahal sudah sesuai dengan petunjuk masih dibilang tidak sesuai mohon untuk di tanggapi dari pihak gojek;0
5;Maxim;info untuk management maxim untuk driver pakai aplikasasi yang mana yaa di playstore ada maxim driver dan taxsee driver mohon petunjuk;0
4;Gojek;gojek punya menu gocar hemat tapi kenyataannya jarang bahkan gak pernah bisa digunakan karena nanti akan dirancel berulang kali oleh driver mending tidak usah dimasukkan ke option agar tidak membuang waktu pelanggan;0
1;Gojek;ada orang tak dikenal berbicara sangat tidak sopan dan melecehkan saya melalui chat di aplikasi gojek what the hell;0
5;Grab;saya adalah pelanggan grab baik motor maupun mobil lumayan cepat utk mendapatkan driver saran saja utk grabcar alangkah baiknya mobil diberi stiker grab supaya pelanggan tau kalo itu adalah grabcar jd bs lebih mempermudah dan mempercepat waktu;1
2;Gojek;gojek makin kesini isinya banyak driver males ujan gk gede amat offbid jarak gk jauh amat jg suka gk mau ambil alesan mode hemat lah lu pada butuh duit gak sih;1
1;Grab;setelah saya tahu ternyata grab memotong penghasilan driver sungguh keterlaluan driver grab bagaikan di jadikan sapi perah oleh aplikator;1
3;Grab;tolong untuk admin driver nya di ajari kalo scene qris nya hilang dan cara mengatasinya terima kasih;0
1;Grab;aplikasi diperbaharui mengapa malah gembel sering bikin ngelag hp sudah restart hp tetep aje crack padahal aplikasi lain lancar;0
1;Gojek;klw pagi selalu capek nungguin drivernya dapat yg dekat dicancel mulu giliran dapat jauh nya minta ampunsial;1
1;Gojek;sedih saya melihat drivernya saya bayar 13rb tapi yang diterima ternyata cuma 8rb tolong perusahaannya lebih memperhatikan drivernya;1
1;Gojek;klu gk niat ngasih promo gk usah sok masang promo buat user ujungnya gk dapet driver stelah berjam nunggu;1
1;Gojek;tiap pesen go ride selalu lama dapetnya mau ujan ato engga selalu lama nunggu sampe setengah jam lebih juga ngga dapet dapet ngga rekomen buat yang lagi dikejar waktu perbaiki tuh yang suka matiin aplikasi;0
5;Maxim;pengemudi joe rumtily dengan motorcycle warna merah tua nopol de6151na selamat menikmati perjalanan anda rating 495;1
1;Gojek;berhenti lah mengkotakkotakan driver karena driver juga bagian dari rakyat indonesia hentikan semua program yang jelas merugikan mitra anda sebelum pemerintah turun tangan memaksa kalian gojek dahulu lebih memanusiakan mitra di bandingkan gojek sekarang;1
1;Maxim;driver nya ngga taat aturan lalu lintas udah tau macet eh dia nyelonong hampir nabrak orang dikasih tau malah marah aneh;1
1;Grab;tolong ya untuk grab tolong drivernya di wajibkan punya uang kembalian costumer jadi rugi kalo setiap hari nggak di kasih uang kembali dengan alasan nggak ada uang ribuan sesekali nggak masalah tapi kalo tiap hari ya mikir aja jadi males pake grab lagi;0
1;Grab;sudah pesen ditanyain driver titik jemput sudah sesuai tiba2 dibatalkan gak ada informasi apa2 dari driver dan akhirnya terlanjur terlambat tidak bisa berangkat terima kasih grab;0
1;Grab;gabisa di batalin grab datang terus orang nya beda beda otomatis lempar driver lain padahal driver pertama yang lambat tidak ada respon selama 1 jam lebih akhirnya pake apk lain;0
1;Gojek;gocar suka pilih pilih perjalan penumpang harusnya semua penumpang wajib di ambil jang di pilih pilih rute tujuannya;1
5;Maxim;menurut ku sih worth it bgttt cuman utk akses lokasi ny masih kurang memadai tidak semua lokasi dapat di akses utk yg lain ny sudah bagus dan tarif ny pun sgttt ramah di kntong dpt brsaing good job maxim semoga makin sukses;0
1;Gojek;makin kesini makin sampah ni gojek saya udah nunggu lama buat driver nya waktu nya udah di lokasi penjemputan malah tiba di batalkan padahal saya ga ada ngebatalin driver nya gara anda saya jadii telat;1
5;Gojek;saya selalu pakai apk gojek semuanya supir ramah tamah dan selalu harganya terjangkau alias murah dari yang lainnya selalu ada promo;1
3;Grab;tolong dong masa udah 1 bulan lebih tiap chat driver selalu mengirim bener2 gak bs chat sama sekali sering bgt dicancel driver krn gak bs bales chat mau nelfon keburu dicancel masa diupdate malah jadi sampah gini;0
2;Grab;tolong di perhatikan lg untuk driver nya terutama saat hujan sudah menunggu lama lama driver se enaknya malah di batalin;1
1;Gojek;jelek dari segi pembayaran via debit kredit dan mastercard lainnya ketika mau dipake sukaa aja ada kalimat lagi diperbaiki tidak dapat menggunakan pembayaran via itu;0
5;Grab;kereeeen deeeh kebersihan keramahan pelayanan krn g ada kembalian driver memberi free luar biasa akhirnya rogoh2 dompet dan tas agar bisa bayar;1
1;Gojek;lama dapet driver padahal banyak banget di area mending gw pake apps lain selalu gini gojek gatau kenapa kecewa sumpah;1
5;Maxim;penjemputan sangat cepatmakasih udah mau nungguin sebentar dan anterin k tempat tujuan dengan selamatmas ojol nya ramah jugasehat dan semangat terus;1
1;Grab;buat driver kalo mau narik sediain dulu kembalian jangan nyusahin udah mah gamau nukerin malah diem;1
1;Gojek;aplikasi jadi bug ketika sudah di update tidak ada voucher yang muncul padahal saya gojek plus tapi tanda vouchernya menghilang;0
1;Gojek;yang bener lah bikin repot doangjaringan full terusan bilang jaringan hilang dh gtu lola lagi makin kesini makin gaje aja gojek;0
5;Gojek;sangat membantu dalam urusan transportasi untuk ortu ku semoga senantiasa bertambah bagus lagi kedepannya good job;1
5;Maxim;terserah driver nya jadi miskin atau tidak makanya sekali kali jadi penumpang biar ngerasain enak tapi aplikasi ini sangat menguntungkan buat saya;1
1;Grab;keseringan driver gada kembalian padahal kami ini customer kalo tidak siap dgn kembalian jgn buka layananpenjualan;1
5;Maxim;ramahsabardan hati2 bawa penumpangmenjemput sampai ditempat walaupun tidak sesuai titik karena lokasi kami susah dpt titik yg tepatberpatokan saja sekolahkantor kelurahansehat2 semua driver sukacita bawa penumpang;1
5;Maxim;pelayanan terbaik driver sangat membantu hanya saja aplikasi error namun driver tetap menjalankan tugas nya dengan sangat baik terimakasih maxim;1
1;Grab;di tempat saya banyak driver rangkap gojekdan kebetulan selalu dapat driver yg utama gojeksombongturun matikan motor aja ga mau;1
2;Grab;trauma pake grab masa penumpang gatau jalan dimarah marahin ngejalaninnya ngebut gimana sih kecewa berat padahal udah percaya pake grab tapi malah dibuat kecewa;1
5;Maxim;sangat membantu di saat butuh bepergian terimah kasih maxime semoga tambah sukses terimah kasih pak supir bikenya juga;1
4;Gojek;cukup senang dan cukup baik cm kl pas butuh susah sekali dpt driver itu aja sih lainnya om;1
1;Gojek;susah banget cari gojekgocar pas hujan naikin gaji mereka biar gampang dapetnya emang harus selalu bintang 1 kasih rating gojek;1
4;Gojek;saran dong min kalo bisa pas pesen gojek mobil ada poto kendaraannya juga biar untuk orang tua bisa lebih waspada soale banyak banget sekarang driver nyuri penumpang driver lain kalo cuman jenis samanplat nomor buat orang tua kadang susah kalo poto lebih gampang;1
5;Gojek;di jaman yg serba digital ini kehadiran aplikasi gojek sangat membantu sekalisemoga kedepan gojek selalu memperbaiki diri dalam pelayanannyasemakin sukses untuk gojek n semua para drivernya;1
2;Gojek;lagi hujan dikit susah bgt dapat driver mau gojekgocar sampe nunggu hampir sejam buat dapat driver selalu dicancel sepihak padahal udah pilih opsi harga tanpa promo;0
1;Gojek;umr naik cm dibawah 10 dan itu pun baru mulai februari tp tarif gojek sudah naik hampir 30 per hari ini 16 desember 2024 terimakasih sudah menemani hampir 9 tahun ini pamit;1
1;Gojek;limit ganaik2 padahal lancar pembayaran pngajuan pinjaman 2x gagal apa yang harusd di banggakan dari aplikasi ini tdak seperti app sebelah padatin memori aja go unistall;0
1;Gojek;aplikasi lemot padahal jaringan wifi lancar pas mau dipake jaringan internet gk ada heran lohh buat semuanya jangan pake aplikasi ini mending aplikasi grab aja jgn gojek;1
4;Maxim;sebagai saran untuk kedepannya lebih baik dan terbaik lagipihak maxim memberikan training atau edukasi aplikasi buat driver krn di area daerah makassar driver sebagian belum memahami tentang platform fee dan parking fee;1
3;Grab;karena terkadang saya dapet potongan harga saya kasih bintang 3 karena terkadang sulit mencari driver suka di cancel dari driver nya kaya orang gak niat kerja aja;1
1;Grab;gajelas driver susah bgt buat respon bikin emosi apalagi dijam jam laper nunggu berjam jam karna driver gamerespon sama sekali;1
5;Gojek;kaktlg tambahin pendapatnya bang ojol kak apalagi kl musim hujan kek gnikl pas hujan ssuh dapt driverbuat smgt kerja kak tw sdri xan dijalan kl hujan kek gni blm merka jg kondsi bdn jg buat kerjaa;1
2;Maxim;tolong dong di perbaiki lagi untuk maps nya saya mau berangkat kerja ada rute yang lebih dekattapi malah otomatis pilih rute terjauhlalu saya sudah blg ke driver nya untuk pilih rute yg lebih dekat dia lebih memilih rute terjauh tolong lah di perbaiki;1
3;Gojek;mau download bukti transaksi kok gak ke download download sudah seminggu an begini padahal mw buat report perjalanan dinas tolong aplikasinya diperbaiki;0
1;Gojek;tolong di suspen buat driver2 bintang 5 nakal yg sengaja mematikan data sengaja buat tidak bisa di hubungi;1
5;Gojek;knp fitur superbank gk ada di apk padahal di iklan nya katanya bisa di akses dari apk gojek;0